,name,content,date,like,place,tags,link,follower,follow
0,카페하이웨스트,❤️ #하이웨스트익선 #카페하이웨스트 #익선동카페 #카페 #카페인테리어 #cafehighwaist #cafehighwaistikseon #익선동 #카페오픈 #익선동빵집 #빵집,2020-06-15,351,하이웨스트 익선,"['#하이웨스트익선', '#카페하이웨스트', '#익선동카페', '#카페', '#카페인테리어', '#cafehighwaist', '#cafehighwaistikseon', '#익선동', '#카페오픈', '#익선동빵집', '#빵집']",https://www.instagram.com/cafe_highwaist/,3397,3
1,카페하이웨스트,카페하이웨스트 익선🥨.#붕붕_카페#붕붕_디저트#카페하이웨스트 ...✔️ 블붸리 크림치즈 스틱 프레즐⠀ 익선동에는 너무 예쁜카페가 많아서 세바퀴는 돌다가 들어간 무난히 유명한 하이웨스트! 진열된 디저트들이 너무 예뻐서 맛보고팠어요.. ٩(*˙︶˙*) ..그냥  프레즐에 블붸리 잼과 애매한 크림치즈! 생각처럼 무난한 맛이였지만 햇빛들때가면 너무너무예뻐요 ˙Ⱉ˙ ♥ 햇빛집! 역싀나 유명해서 그런지 안도 밖도 사람이 바글바글.....▫️하이웨스트 익선(서울시 종로구 돈의동 13)..,2020-05-31,"3,450",하이웨스트 익선,"['#붕붕_카페', '#붕붕_디저트', '#카페하이웨스트']",https://www.instagram.com/boongboong2_e/,101000,1074
2,카페하이웨스트,이미 맛있는것이 뭔지 알고 가는 카페는수많은 빵앞에서도 빠르고 간결한 선택을 하게된다,2020-07-08,"1,618",하이웨스트익선,[],https://www.instagram.com/so.oooooh/,144000,997
3,카페하이웨스트,카페에 품을 수 있는 모든 환상의 재현⠀연남동 레이어드그리고 오늘⠀익선동 하이웨스트 (@cafe_highwaist )⠀⠀(4.13 open !더 많은 사진은 다음피드에 😍)——————————————————📍when :12:00 - 21:30📍where : 서울 종로구 돈의동 13⠀,2020-04-13,"3,724",,[],https://www.instagram.com/_ha.zi/,809000,344
4,카페하이웨스트,"인물모드로 찍은게 너무 예뻐서, 나만 보기는 아까워서 올리는=͟͟͞͞♡ 한동안 내 배경화면을 책임질 빵사진들🥨🥖🥐🥯🍞🤎그나저나 비가 너무 많이 와서 큰일.. 비 조심하세요😢💧#카페하이웨스트 #하이웨스트익선 #cafehighwaist",2020-08-03,"3,191",하이웨스트익선,"['#카페하이웨스트', '#하이웨스트익선', '#cafehighwaist']",https://www.instagram.com/sos_jeong/,418000,185
5,카페하이웨스트,"내일(월) 12부터 하이웨스트 연남점 (마포구 성미산로167-9)오픈합니다✨레어치즈케익,프렌치토스트와 크림브륄레커피- 하이웨스트시그니쳐 프레치라떼.바질토스트.그랜드마마초코케익 .얼그래이.레몬.당근케익 잉글리쉬클래식 스콘세트등등 홈메이드 디저트와 맛있는 커피 준비해놓을께요! 연남동 근처에오시면 내일 만나요!저랑 뚱개랑 리카씨와함께 기다립니다아ㅡ#하이웨스트연남#카페하이웨스트#cafehighwaist",2020-07-05,312,Cafe Highwaist,"['#하이웨스트연남', '#카페하이웨스트', '#cafehighwaist']",https://www.instagram.com/philosophy_ryo/,7722,473
6,카페하이웨스트,비 오고 흐린 날도 너무 예쁜 하이웨스트✨뭐 먹을까 고민하다가 그냥 그동안 먹고싶었던 빵들 다 시켰다🥨 쫀쫀크림 크림라떼랑 달다구리 스카치라떼까지 맛있게 잘 먹었구요💛둘이서 하이웨스트 한상 플렉스😎🔥#하이웨스트익선 #카페하이웨스트 #익선동카페 #익선동맛집 #을지로카페 #서울카페,2020-08-02,"2,391",하이웨스트익선,"['#하이웨스트익선', '#카페하이웨스트', '#익선동카페', '#익선동맛집', '#을지로카페', '#서울카페']",https://www.instagram.com/sos_jeong/,418000,185
7,카페하이웨스트,"#카페하이웨스트매일 생일처럼 행복하게 보내다보면 금방 주말 오고 일년 가겠죠 ❣️카페 내부 구조가 바껴서 새로웠던 하이웨스트. 여전히 예뽀요 😍다시 토스트도 되고 새로운 메뉴도 추가 ⭐️비와서 시원하다못해 지금은 춥기까지해요 ㅎㅎ 포근하게 굿밤이요 ❤️#연남동카페#로즈_연남...#CafeHighWaistIf you spend every day happily like your birthday, it'll be a weekend and a year away. ❣️A new high-waist because the interior structure of the cafe has changed. Still pretty ⭐️It can be toast again and add new menu ⭐️Have a cozy good night. ❤️#YeonnamdongCafe #Rose_Yeonnam#cake#cheesecake#toast#연남동#interior#인테리어#foodie#foodstyling#seoulcafe#서울카페#홈카페#homecafe",2020-07-13,"5,979",Cafe Highwaist,"['#카페하이웨스트매일', '#연남동카페', '#로즈_연남...', '#CafeHighWaistIf', '#YeonnamdongCafe', '#Rose_Yeonnam', '#cake', '#cheesecake', '#toast', '#연남동', '#interior', '#인테리어', '#foodie', '#foodstyling', '#seoulcafe', '#서울카페', '#홈카페', '#homecafe']",https://www.instagram.com/sssuerose/,107000,216
8,카페하이웨스트,잘 보구 갑니다~~♥,2020-10-19,345,하이웨스트익선,[],https://www.instagram.com/__mfy3/,1147,397
9,카페하이웨스트,#카페하이웨스트 포토존ღ,2020-11-26,11,익선동,['#카페하이웨스트'],https://www.instagram.com/v._.bb/,402,305
10,카페하이웨스트,분위기가 예뻐서 좋아하는사진 :-).....⠀#익선동 #익선동카페 #익선동핫플 #익선동골목 #카페 #카페스타그램 #카페추천 #분위기맛집 #분위기 #분위기좋은카페 #하이웨스트익선 #하이웨스트 #카페하이웨스트 #카페하이웨스트익선,2020-11-26,13,익선동,"['#익선동', '#익선동카페', '#익선동핫플', '#익선동골목', '#카페', '#카페스타그램', '#카페추천', '#분위기맛집', '#분위기', '#분위기좋은카페', '#하이웨스트익선', '#하이웨스트', '#카페하이웨스트', '#카페하이웨스트익선']",https://www.instagram.com/ha._____.nee/,6,0
11,카페하이웨스트, ,2020-11-25,100,Cafe Highwaist,[],https://www.instagram.com/jeong._.p/,1689,569
12,카페하이웨스트,🥨,2020-11-25,119,Cafe Highwaist,[],https://www.instagram.com/jeong._.p/,1689,569
13,카페하이웨스트,오늘따라 왠지 크리스마스 느낌을 내고 싶더라🎄#하이웨스트익선 #카페하이웨스트 #익선동카페 #카페 #카페인테리어 #cafehighwaist #cafehighwaistikseon #익선동 #카페오픈 #익선동케이크 #크리스마스케이크,2020-11-24,62,하이웨스트익선,"['#하이웨스트익선', '#카페하이웨스트', '#익선동카페', '#카페', '#카페인테리어', '#cafehighwaist', '#cafehighwaistikseon', '#익선동', '#카페오픈', '#익선동케이크', '#크리스마스케이크']",https://www.instagram.com/vivian__log/,454,250
14,카페하이웨스트,☕🍪코로나로 집콕 하려니그리운 카페투어😷...#카페투어그램,2020-11-24,642,Cafe Highwaist,['#카페투어그램'],https://www.instagram.com/__flower_deer/,333000,3844
15,카페하이웨스트,빵이 이러케 맛있는데 군것질을 어떻게 안하나요,2020-11-24,101,연남동,[],https://www.instagram.com/hawo_ong2/,1482,259
16,카페하이웨스트,빵천국🍞💛,2020-11-23,171,Cafe Highwaist,[],https://www.instagram.com/ramii_s/,7586,399
17,카페하이웨스트,#연남동 #연남동카페 #카페하이웨스트 #서울카페 可愛いでしかないカフェ☕️💓カップケーキ甘いかなと思ってコーヒー頼んだけど、甘くなさ過ぎずで美味しかった😍#もうクリスマスの雰囲気 #出してくる,2020-11-23,21,연남동,"['#연남동', '#연남동카페', '#카페하이웨스트', '#서울카페', '#もうクリスマスの雰囲気', '#出してくる']",https://www.instagram.com/kanako0070/,60,62
18,카페하이웨스트,간만에 입터진 날😆밥은 30분만에 먹었는데 카페에서 5시간 맥주집에서 2시간반을 쉬지 않고 얘기했더니 목 아플 지경🤣🤣⠀#간만에 #입터진날 #카페하이웨스트 #역전할머니맥주 #수다에는끝이없다 #너무재밌었어 #담에또만나 #행복하자우리 @yeu.22,2020-11-22,27,연남동,"['#간만에', '#입터진날', '#카페하이웨스트', '#역전할머니맥주', '#수다에는끝이없다', '#너무재밌었어', '#담에또만나', '#행복하자우리']",https://www.instagram.com/lee_yeojin/,157,591
19,카페하이웨스트,cafe highwaist,2020-11-22,101,Cafe Highwaist,[],https://www.instagram.com/gimerryg/,382,234
20,카페하이웨스트,애플 크럼블과 아이스크림 조합은..💓#하이웨스트익선 #카페하이웨스트 #익선동카페 #카페 #카페인테리어 #cafehighwaist #cafehighwaistikseon #익선동 #카페오픈 #익선동케이크,2020-11-22,0,하이웨스트익선,"['#하이웨스트익선', '#카페하이웨스트', '#익선동카페', '#카페', '#카페인테리어', '#cafehighwaist', '#cafehighwaistikseon', '#익선동', '#카페오픈', '#익선동케이크']",https://www.instagram.com/vivian__log/,454,250
21,카페하이웨스트,☕🍪감성 뿜뿜 디저트 천국🎅🏻🎄...#애스타그램육아 #육아맘일상 #엄마일상 #젊줌마일상 #주부일상#주부놀이 #애엄마일상 #젊줌마일상 #육아인플루언서 #주부인플루언서#육아동지 #육아동지들 #자유부인 #자유부인데이 #자부데이#애데렐라 #감성육아 #엄마감성 #엄마취향 #목동맘#육아소통 #육아소통환영 #육아맞팔 #육아맘소통 #육아맘소통환영#연남동카페 #연남동카페추천 #하이웨스트 #카페하이웨스트 #하이웨스트연남,2020-11-22,724,미리크리스마스,"['#애스타그램육아', '#육아맘일상', '#엄마일상', '#젊줌마일상', '#주부일상', '#주부놀이', '#애엄마일상', '#젊줌마일상', '#육아인플루언서', '#주부인플루언서', '#육아동지', '#육아동지들', '#자유부인', '#자유부인데이', '#자부데이', '#애데렐라', '#감성육아', '#엄마감성', '#엄마취향', '#목동맘', '#육아소통', '#육아소통환영', '#육아맞팔', '#육아맘소통', '#육아맘소통환영', '#연남동카페', '#연남동카페추천', '#하이웨스트', '#카페하이웨스트', '#하이웨스트연남']",https://www.instagram.com/__flower_deer/,333000,3844
22,카페하이웨스트,4차 마켓 ing 💛🤍💛🤍 #리드인투 #lead_into #우니착용,2020-11-22,22,,"['#리드인투', '#lead_into', '#우니착용']",https://www.instagram.com/lead_into/,189,132
23,카페하이웨스트,연남_카페하이웨스트🧁엄청 예뻤던 카페‼️아기자기하고 심지어 화장실도 예뻤다 ◡̈ 근데 내가 먹었던 음료가 실패였어서...🥲글구 넘 복작복작했음...!!,2020-11-21,239,연남동,[],https://www.instagram.com/piglet_ong/,522,464
24,카페하이웨스트,Cafe☕️#종로#종로카페#토요일#커피#디저트#빵#케익#겨울#2020#98#23#연말#카페하이웨스트,2020-11-21,27,,"['#종로', '#종로카페', '#토요일', '#커피', '#디저트', '#빵', '#케익', '#겨울', '#2020', '#98', '#23', '#연말', '#카페하이웨스트']",https://www.instagram.com/space_min98/,298,292
25,카페하이웨스트,𝒞𝒶𝒻𝑒 𝒽𝒾𝑔𝒽𝓌𝒶𝒾𝓈𝓉,2020-11-21,84,하이웨스트익선,[],https://www.instagram.com/do.do_oh/,323,167
26,카페하이웨스트,"오늘은 바닐라 아이스크림이 올라간 크럼블 치즈케이크를 준비했어요~!블루베리, 애플, 체리 모두 사랑스럽죠💓#하이웨스트익선 #카페하이웨스트 #익선동카페 #카페 #카페인테리어 #cafehighwaist #cafehighwaistikseon #익선동 #카페오픈 #익선동케이크",2020-11-21,0,하이웨스트익선,"['#하이웨스트익선', '#카페하이웨스트', '#익선동카페', '#카페', '#카페인테리어', '#cafehighwaist', '#cafehighwaistikseon', '#익선동', '#카페오픈', '#익선동케이크']",https://www.instagram.com/cafe_highwaist/,3397,3
27,카페하이웨스트,달달한 기분전환🍹,2020-11-21,14,연남동 어딘가,[],https://www.instagram.com/winnieworldd/,35,152
28,카페하이웨스트,층고 높고 채광 좋고 색감 말모말모 🧁🚪🤍,2020-11-20,48,,[],https://www.instagram.com/zuulog/,583,58
29,카페하이웨스트,너무예쁜 디져트 맛집❣️다 예쁘다....#daily #dailygram #instagood #instagram #instadaily #followforfollowback #following #followers #catstagram #cafe #익선동카페 #익선동핫플 #카페하이웨스트 #하이웨스트익선 #디져트카페 #디져트맛집 #일상,2020-11-20,51,하이웨스트익선,"['#daily', '#dailygram', '#instagood', '#instagram', '#instadaily', '#followforfollowback', '#following', '#followers', '#catstagram', '#cafe', '#익선동카페', '#익선동핫플', '#카페하이웨스트', '#하이웨스트익선', '#디져트카페', '#디져트맛집', '#일상']",https://www.instagram.com/naaa_r__/,358,300
30,카페하이웨스트,☕🍪벌써부터 설레는 크리스마스🎅🏻🎄...#카페투어그램,2020-11-20,0,미리크리스마스,['#카페투어그램'],https://www.instagram.com/__flower_deer/,333000,3844
31,카페하이웨스트,온통 버터색 ♡ ⋆⁺₊⋆ ♡⋆⁺₊⋆ ♡⋆⁺,2020-11-20,21,,[],https://www.instagram.com/zuulog/,583,58
32,카페하이웨스트,"#카페레이어드#카페하이웨스트 연남동, 익선동에 위치한 카페 레이어드유럽 분위기를 물씬 풍기는인테리어와 소품, 그리고디저트들이 조화롭게 어우러진 공간주말에 방문 시에는 테이블 사이에간격이 좁다보니 정신없고살짝 소란스러워 평일에 가는 것을 추천한다 ☻︎#연남동카페 #익선동카페 #익선동 #연남동",2020-11-19,46,하이웨스트익선,"['#카페레이어드', '#카페하이웨스트', '#연남동카페', '#익선동카페', '#익선동', '#연남동']",https://www.instagram.com/daily_pounding/,54,27
33,카페하이웨스트,흔들,2020-11-19,64,골목길,[],https://www.instagram.com/gosilver_5l6/,193,113
34,카페하이웨스트,#카페하이웨스트 #익선동 #카페 #하이웨스트익선 #추천 #맛있다 #20201119,2020-11-19,50,하이웨스트익선,"['#카페하이웨스트', '#익선동', '#카페', '#하이웨스트익선', '#추천', '#맛있다', '#20201119']",https://www.instagram.com/redyiredyi/,965,1043
35,카페하이웨스트,#카페하이웨스트 #익선동 #카페 #하이웨스트익선 #20201119,2020-11-19,58,하이웨스트익선,"['#카페하이웨스트', '#익선동', '#카페', '#하이웨스트익선', '#20201119']",https://www.instagram.com/redyiredyi/,965,1043
36,카페하이웨스트,"[ 익선동 카페 / 카페하이웨스트 ]내 생일 케이크는 크리스마스 댕댕이 🧣제 탄생화가 크리스마스로즈예요, 설마 알고서 사온건,,,절대로 아니겠죠? 🤣레드벨벳 케이크라서 너무 느끼하지않고 맛있었어요 💓요론 조각케이크말고도 맛있는빵이 많이 파는데, 하나같이 다 맛있어보이네욘 몬가 뒤에 창있고 커텐 엘레강스해서 분위기도 오져버리는 익선동이예요다음엔 스콘먹어보고 올게요 💓#카페하이웨스트",2020-11-19,196,하이웨스트익선,['#카페하이웨스트'],https://www.instagram.com/jalmukza/,3149,1885
37,카페하이웨스트,..곳곳에 예쁜 카페들이 많네요.요즘 스튜디오 근처를 걸어 다니며 새롭게 보이는 것들에 대한기쁨을 알아가고 있어요🕊......#카페하이웨스트#평온한하루#행복#에스프레소#카페그램#스케치,2020-11-18,29,하이웨스트익선,"['#카페하이웨스트', '#평온한하루', '#행복', '#에스프레소', '#카페그램', '#스케치']",https://www.instagram.com/demoon_sungji/,179,170
38,카페하이웨스트,베이커리 코너가 인상적이었던 #카페하이웨스트 귀여운거 옆에 귀여운거🥰🍰,2020-11-18,26,Cafe Highwaist,['#카페하이웨스트'],https://www.instagram.com/yeeun_cafe/,27,31
39,카페하이웨스트,今まで行ったカフェでいっちばんかわいかったのは間違いなくここ😭(T . T)🧡💛#cafehighwaist#延南洞カフェ#카페하이웨스트#韓国旅行,2020-11-17,8,Cafe Highwaist,"['#cafehighwaist', '#延南洞カフェ', '#카페하이웨스트', '#韓国旅行']",https://www.instagram.com/tj951210/,6,11
40,카페하이웨스트,하이웨스트 연남점의 크리스마스 준비🎅🏻❤️..#카페레이어드 #카페하이웨스트 #cafelayered ##cafehighwaist #연남동카페 #익선동카페 #북촌카페,2020-11-17,300,Cafe Highwaist,"['#카페레이어드', '#카페하이웨스트', '#cafelayered', '#cafehighwaist', '#연남동카페', '#익선동카페', '#북촌카페']",https://www.instagram.com/cafe_layered/,119000,435
41,카페하이웨스트,🧡...#카페레이어드 #카페하이웨스트 #cafelayered ##cafehighwaist #연남동카페 #익선동카페,2020-11-17,254,Cafe Highwaist,"['#카페레이어드', '#카페하이웨스트', '#cafelayered', '#cafehighwaist', '#연남동카페', '#익선동카페']",https://www.instagram.com/cafe_layered/,119000,435
42,카페하이웨스트,이렇게 귀여운걸 어뚜케 먹징 ๑❛ڡ❛๑,2020-11-17,859,Cafe Highwaist,[],https://www.instagram.com/lovechoi_/,5792,532
43,카페하이웨스트,"#푸드밍_연남동 사진 100장 찍는 카페❤.◾카페하이웨스트.🍽 라즈베리라떼 7,500원🍽 얼그레이티 7,000원🍽 카라멜스콘 4,500원ㅡㅡㅡㅡㅡㅡㅡㅡㅡㅡㅡㅡㅡㅡㅡㅡㅡㅡㅡㅡㅡㅡㅡㅡㅡㅡ🔴우선 피드사진 전부다 필수로 보세요!!!넘예뻐요🔴연남동 아우프글렛을 갔는데 웨이팅이 장난아닌거에요ㅠㅠ 근데 생각해보니 바로 옆에 하이웨스트있는게 기억나서 바로 꼬우👍얼마전에 익선동 하이웨스트 올렸는데 다 같은 사장님이라서 하이웨스트 디저트들도 존맛탱이에요‼️옛날 하이웨스트 초창기에 왔을땐 여기도 어마어마한 웨이팅으로 장난아니였는데 저날은 이상하게 사람이 별로 없어서 더 행복했어요...❤👉 카라멜스콘버터향 가득나는 스콘인데 스콘 자체로도 너무 고소하고 적당한 간도 되어 있어서 맛있지만  카라멜소스와 만나서 심심할법한 맛을 한층 업그레이드 해주는 맛이에요🧡 스콘 종류별로 여긴 다 존맛탱이니까 어느걸 선택 하셔두 후회없어요!👉 라즈베리라떼저녁에 카페에 가서 커피 대신 시그니쳐 음료라는 라즈베리라떼를 주문 했어요✌ 우유에다가 엄청 상큼한 라즈베리 청 그리고 완전 쫀쫀한 생크림까지 달달 쌍큼 하게 먹을수 있는 메뉴 였어요🍓👉 얼그레이티 역시나 밤에는 커피 대신 다른 음료들이 강세에욬ㅋㅋ 귀여운 주전자에 담겨 나오는데 사진을 안찍을수가 없었어요😍하이웨스트나 레이어드는 엄청난 디저트 맛집으로 정말 강추하는 곳이에요‼️ 저 별로 케이크 안좋아하는데 이 두군데 케이크는 넘 맛있어서 꼭먹게 되는곳이라 또 강추강추입니다💯💯ㅡㅡㅡㅡㅡㅡㅡㅡㅡㅡㅡㅡㅡㅡㅡㅡㅡㅡㅡㅡㅡㅡㅡㅡㅡㅡㅡ✔ 서울 마포구 성미산로 167-9✔ 매일 12:00 - 21:30..#푸드밍#푸드밍_카페",2020-11-17,310,,"['#푸드밍_연남동', '#푸드밍', '#푸드밍_카페']",https://www.instagram.com/food_ming_/,2436,1339
44,카페하이웨스트,"반영구인&요리사 기술직 커플의주 하루 휴일 아깝지 않도록매주 아주 알차게 보내고 있어요💕익선동에 맛집이랑 이뿐 카페는 몇 번을 다녀도 넘치죠,,?🌞💡담쥬엔 연희동을 부시고 올고에요!!!",2020-11-16,222,익선동,[],https://www.instagram.com/nanal.b/,5024,689
45,카페하이웨스트,이쁜 카페 🧡🧡🤎🤎,2020-11-16,97,하이웨스트익선,[],https://www.instagram.com/hyelimev_v/,8199,504
46,카페하이웨스트,하 오늘은 빅토리아케이크가 너무먹고싶다..😳🍰🍰🍰🍰..#카페하이웨스트 #심플_종로,2020-11-16,193,,"['#카페하이웨스트', '#심플_종로']",https://www.instagram.com/simplace_/,3255,977
47,카페하이웨스트,🍰귀염뽀짝 카페익선동 한옥거리 구경하다가 넘나 귀여운 케이크들에 이끌려급 들어간카페 ☕귀염뽀짝한 케이크들이 많이 있어서눈이 즐거웠고👀레몬케쿠 쌍콤하고 놈나 마싯수 🍋💛스콘도 존맛탬아메 순샥해벌임🤭,2020-11-15,286,하이웨스트익선,[],https://www.instagram.com/j.q.bbo/,1231,980
48,카페하이웨스트,긔엽고 맛있고🎅🏻🍰#익선동 #카페하이웨스트,2020-11-15,31,하이웨스트익선,"['#익선동', '#카페하이웨스트']",https://www.instagram.com/_jjaeny__/,154,99
49,카페하이웨스트,캐롤이 생각나는🎄..#카페하이웨스트 #익선동카페 #익선동 #종로3가 #종로3가카페 #카페투어 #감성카페 #겨울나기 #선팔하면맞팔 #팔로우 #인친,2020-11-15,28,,"['#카페하이웨스트', '#익선동카페', '#익선동', '#종로3가', '#종로3가카페', '#카페투어', '#감성카페', '#겨울나기', '#선팔하면맞팔', '#팔로우', '#인친']",https://www.instagram.com/oran_diary/,114,98
50,카페하이웨스트,#익선동평일 낮간만에 카메라들고 서울나들이순식간에 지나간 꿀 같던 시간#살라댕방콕 #카페하이웨스트,2020-11-15,24,,"['#익선동평일', '#살라댕방콕', '#카페하이웨스트']",https://www.instagram.com/rengong23/,285,314
51,카페하이웨스트,벌써 크리스마스 분위기 뿜뿜🎅🏼,2020-11-14,80,,[],https://www.instagram.com/__yeathree__/,1460,287
52,카페하이웨스트,"#익선동카페 #카페하이웨스트⠀유럽 빵집같은 인테리어와 분위기, 유리 천장에서 들어오는 반짝반짝 햇살까지 ✨ 의외로 빵보다 커피가 맛있고, 아메리카노가 적당히 산미있고 고소해 누구나 좋아할 맛⠀⠀📍 서울 종로구 돈화문로11다길 18📍 매일 11:00 - 22:00⠀",2020-11-14,32,,"['#익선동카페', '#카페하이웨스트⠀유럽']",https://www.instagram.com/indy.soi/,126,78
53,카페하이웨스트,익선동 구경갔다가 사람이 가득한카페가 있어서 들어가봤어요!! 유럽에 온듯한 인테리어와 시각과 후각을 자극하는 베이커리가 한가득~~ 다음주에 베이커리 팀원들과 재방문해서 이것저것 먹고 올 예정이에요!! 자세한 후기는 곧~~😁#익선동카페 #익선동맛집 #익선동핫플 #카페스타그램 #커피스타그램 #카페투어 #카페추천 #커피맛집 #케이크맛집 #하이웨스트익선 #베이커리카페 #카페하이웨스트 #카페인테리어 #카페맛집 #카페그램 #카페창업 #카페디저트 #카페데이트 #카페탐방 #서울카페 #cera익선카페,2020-11-14,66,하이웨스트익선,"['#익선동카페', '#익선동맛집', '#익선동핫플', '#카페스타그램', '#커피스타그램', '#카페투어', '#카페추천', '#커피맛집', '#케이크맛집', '#하이웨스트익선', '#베이커리카페', '#카페하이웨스트', '#카페인테리어', '#카페맛집', '#카페그램', '#카페창업', '#카페디저트', '#카페데이트', '#카페탐방', '#서울카페', '#cera익선카페']",https://www.instagram.com/cafe__cera/,264,180
54,카페하이웨스트,오늘 익선점에 너무 귀여운 친구들이 왔어요❤️#하이웨스트익선 #카페하이웨스트 #익선동카페 #카페 #카페인테리어 #cafehighwaist #cafehighwaistikseon #익선동 #카페오픈 #익선동케이크 #료그리쿠키,2020-11-14,134,하이웨스트익선,"['#하이웨스트익선', '#카페하이웨스트', '#익선동카페', '#카페', '#카페인테리어', '#cafehighwaist', '#cafehighwaistikseon', '#익선동', '#카페오픈', '#익선동케이크', '#료그리쿠키']",https://www.instagram.com/cafe_highwaist/,3397,3
55,카페하이웨스트,🕊,2020-11-14,159,,[],https://www.instagram.com/luvsome.a/,2063,167
56,카페하이웨스트,거울샷,2020-11-13,28,Cafe Highwaist,[],https://www.instagram.com/ibu__0509/,107,98
57,카페하이웨스트,🕯,2020-11-13,19,Cafe Highwaist,[],https://www.instagram.com/ibu__0509/,107,98
58,카페하이웨스트,어쩌다 한번 오는 육아해방의날 하던일 마치고 재료충전하고 불금즐기는 중금요일밤 #혼밥 #혼커 즐기는 여자요기요기 혼자오기 아깝게 취향저격#카페하이웨스트 #런던가고싶다#현실은 #익선동#애엄마 #자부타임,2020-11-13,39,익선동,"['#혼밥', '#혼커', '#카페하이웨스트', '#런던가고싶다', '#현실은', '#익선동', '#애엄마', '#자부타임']",https://www.instagram.com/maman_ssura/,719,243
59,카페하이웨스트,🥨,2020-11-12,234,하이웨스트익선,[],https://www.instagram.com/yerin_o8/,669,197
60,카페하이웨스트,내가 가장 좋아하는 시간🤍,2020-11-12,29,Cafe Highwaist,[],https://www.instagram.com/ibu__0509/,107,98
61,카페하이웨스트,#카페하이웨스트 #하이웨스트연남 #연남동카페 #홍대카페 #카페 #카페스타그램 #카페그램 #꽃스타그램 #카페추천 #좋아요 #일상 #cafehighwaist #cafe #cafestagram #カフェ #カフェスタグラム #韓国カフェ #韓国留学 #韓国留学生,2020-11-12,22,Cafe Highwaist,"['#카페하이웨스트', '#하이웨스트연남', '#연남동카페', '#홍대카페', '#카페', '#카페스타그램', '#카페그램', '#꽃스타그램', '#카페추천', '#좋아요', '#일상', '#cafehighwaist', '#cafe', '#cafestagram', '#カフェ', '#カフェスタグラム', '#韓国カフェ', '#韓国留学', '#韓国留学生']",https://www.instagram.com/ibu__0509/,107,98
62,카페하이웨스트,🐻🐰☕️♥️#연남동 #카페하이웨스트 #스콘 #케이크 #연남동카페 #빵스타그램 #카페스타그램,2020-11-11,27,Cafe Highwaist,"['#연남동', '#카페하이웨스트', '#스콘', '#케이크', '#연남동카페', '#빵스타그램', '#카페스타그램']",https://www.instagram.com/lalalla_daily/,395,160
63,카페하이웨스트,⠀⠀⠀⠀⠀⠀⠀⠀⠀⠀⠀⠀⠀⠀⠀⠀⠀⠀⠀⠀⠀⠀나중에 다시 와야지아쉬운 맘에 내 지분 🤧𓈒𓈒#하이웨스트익선#거셀 #인증샷,2020-11-11,62,,"['#하이웨스트익선', '#거셀', '#인증샷']",https://www.instagram.com/jeong_iny/,1128,97
64,카페하이웨스트,"⠀⠀⠀⠀⠀⠀⠀⠀⠀⠀⠀⠀⠀⠀⠀⠀⠀⠀⠀⠀⠀⠀햇살 그득하니 짱짱 예쁘구 ✨빵돌이도 넘 신나 보였는데,,포장이라도 할 걸 그랬나 😭𓈒𓈒#익선동 #카페하이웨스트#노키즈존 #엄마가미안해",2020-11-11,76,,"['#익선동', '#카페하이웨스트', '#노키즈존', '#엄마가미안해']",https://www.instagram.com/jeong_iny/,1128,97
65,카페하이웨스트,오늘도 만나요❤️#하이웨스트익선 #카페하이웨스트 #익선동카페 #카페 #카페인테리어 #cafehighwaist #cafehighwaistikseon #익선동 #카페오픈 #익선동빵집 #익선동케이크 #익선동디저트,2020-11-11,204,하이웨스트익선,"['#하이웨스트익선', '#카페하이웨스트', '#익선동카페', '#카페', '#카페인테리어', '#cafehighwaist', '#cafehighwaistikseon', '#익선동', '#카페오픈', '#익선동빵집', '#익선동케이크', '#익선동디저트']",https://www.instagram.com/cafe_highwaist/,3397,3
66,카페하이웨스트,"Cafe Highwaist (ソウル　イクソンドン)カフェハイウェイスト益善(イクソン)店に行ってきました。　今年4月にオープンしたこちらのカフェ。ケーキも🍰スコーンも店内も何もかもが、可愛くて、癒されました😊😊 Everything was so cute!Oh, it made me feel so comfortable!#韓国 #ソウル　#イクソンドン#益善洞#カフェハイウェイスト#cafehighwaist #韓国カフェ　#ソウルカフェ#イクソンドンカフェ#韓国在住　#韓国駐在妻#카페하이웨스트익선점#카페하이웨스트",2020-11-11,25,,"['#韓国', '#ソウル', '#イクソンドン', '#益善洞', '#カフェハイウェイスト', '#cafehighwaist', '#韓国カフェ', '#ソウルカフェ', '#イクソンドンカフェ', '#韓国在住', '#韓国駐在妻', '#카페하이웨스트익선점', '#카페하이웨스트']",https://www.instagram.com/milk.lny/,114,85
67,카페하이웨스트,🍩🍪🍓🧁🍰🥧🍒,2020-11-10,162,하이웨스트익선,[],https://www.instagram.com/_ssol.917/,655,195
68,카페하이웨스트,#카페하이웨스트 #먹스타그램 #피그스타그램,2020-11-10,32,,"['#카페하이웨스트', '#먹스타그램', '#피그스타그램']",https://www.instagram.com/life_of_pig__/,106,69
69,카페하이웨스트,20201110언니들이랑 맛있는 거 잔뜩 먹고 힐링된 날 ㅎㅎㅎㅎ#익선동 #온천집 #익선주택 #카페하이웨스트 #마지막케이크까지완벽 #행복해🥰,2020-11-10,30,익선동,"['#익선동', '#온천집', '#익선주택', '#카페하이웨스트', '#마지막케이크까지완벽', '#행복해🥰']",https://www.instagram.com/wjddnjs5629/,91,113
70,카페하이웨스트,"귀여운데 맛도 있음배는 부르지만 먹고 싶어서한 입씩 맛보기만 하고 포장하려고 했는데포장할게 없었,,𓃟-#밥먹고또",2020-11-10,69,Cafe Highwaist,['#밥먹고또'],https://www.instagram.com/b.e.e.n.b.e.e.n/,2967,928
71,카페하이웨스트,요기 분위기 못 잃어 . . ☀️#익선동 #하이웨스트익선,2020-11-10,250,하이웨스트익선,"['#익선동', '#하이웨스트익선']",https://www.instagram.com/_ssol.917/,655,195
72,카페하이웨스트,#하이웨스트익선 #cafehighwaist #카페하이웨스트,2020-11-09,22,하이웨스트익선,"['#하이웨스트익선', '#cafehighwaist', '#카페하이웨스트']",https://www.instagram.com/lead_into/,189,132
73,카페하이웨스트,#하이웨스트익선 #cafehighwaist #카페하이웨스트,2020-11-09,17,하이웨스트익선,"['#하이웨스트익선', '#cafehighwaist', '#카페하이웨스트']",https://www.instagram.com/lead_into/,189,132
74,카페하이웨스트,소품 하나 하나 고수의 손길이 느껴지는 곳🧡 #하이웨스트익선 #cafehighwaist #카페하이웨스트,2020-11-09,12,,"['#하이웨스트익선', '#cafehighwaist', '#카페하이웨스트']",https://www.instagram.com/lead_into/,189,132
75,카페하이웨스트,흐려서 더 분위기 좋았던오늘의 연남동#카페하이웨스트 #점심시간힐링 #급만남은즐거워,2020-11-09,70,Cafe Highwaist,"['#카페하이웨스트', '#점심시간힐링', '#급만남은즐거워']",https://www.instagram.com/rheamom_0609/,539,170
76,카페하이웨스트,점심시간에 잠시 만나밥먹고 커피 한잔하고 각자 일터로🚗#취향저격#카페하이웨스트,2020-11-09,75,Cafe Highwaist,"['#취향저격', '#카페하이웨스트']",https://www.instagram.com/rheamom_0609/,539,170
77,카페하이웨스트,하이웨스트 연남점의 french latte☕️✨신선한 커스터드의 부드러움과 톡 부서지는 캬라멜라이즈드 슈가의 달콤함을 즐겨보세요🧡...#카페레이어드 #카페하이웨스트 #cafelayered ##cafehighwaist #연남동카페 #익선동카페,2020-11-09,293,Cafe Highwaist,"['#카페레이어드', '#카페하이웨스트', '#cafelayered', '#cafehighwaist', '#연남동카페', '#익선동카페']",https://www.instagram.com/cafe_layered/,119000,435
78,카페하이웨스트,채광 좋은 낮에 다시 와보고 싶은✨,2020-11-09,39,하이웨스트익선,[],https://www.instagram.com/mild.ee/,704,438
79,카페하이웨스트,.저번 토요일에 갑자기 홍대에 가서 오랜만에 구경하고 맛있는 것도 많이 먹었다..😄.무조건 내 취향 베이커리라길래 가벼운 마음으로 따라 들어갔는데 세상에 내 취향 너무 잘 아는 사람들 왜이렇게 많은지..들어가자마자 요즘 저런 카우패턴 유행하던데 검정색은 눈에 안차서 아무 생각없다가 저 멀끔한 하늘색은...저기다가... 노란 과일 올려 먹으면 진짜 맛있겠지... 오일파스타 그릇 아니냐 완전...대충 걸려있는 뜨개 레이스도 갖고싶고 참나...어쨌든 장바구니에 찾아서 담아두는 중..#지름신 #스콘 #홍대 #카페하이웨스트 #연남동 #주말 #직장인 #일상스타그램 #일상,2020-11-08,15,,"['#지름신', '#스콘', '#홍대', '#카페하이웨스트', '#연남동', '#주말', '#직장인', '#일상스타그램', '#일상']",https://www.instagram.com/___your_jupiter___/,70,113
80,카페하이웨스트,"-나의 귀여운 동기와 함께 💝달달한 초코스콘이 땡겨따 🍫하지만 디저트에는 무조건 아아 😝// 아메리카노 5,000// 아이스초코 7,000// 초코스콘 4,500",2020-11-07,82,Cafe Highwaist,[],https://www.instagram.com/bbaaaaaaaaaaaaaaaaaaaaaang/,262,51
81,카페하이웨스트,굿밤💙,2020-11-08,30,하이웨스트익선,[],https://www.instagram.com/mild.ee/,704,438
82,카페하이웨스트,.#서울 #홍대 #연남동 #카페하이웨스트 #주말 #자매님들 #나들이어딜가든 우리가 젤 시끄러워☺️,2020-11-08,42,Cafe Highwaist,"['#서울', '#홍대', '#연남동', '#카페하이웨스트', '#주말', '#자매님들', '#나들이어딜가든']",https://www.instagram.com/a_an.95/,183,206
83,카페하이웨스트,1.2.3.오랜만에 연남#하이웨스트 에서 곰라떼 마시면서 데이트 4.5.6 신맛나는  깡빠뉴도사고 7..8 맛있는 커피도마시고 재밌는책도보고 소리도지르고 9.10.집에서 맥주마시고 좋은휴일 #dayoff #cafehighwaist #카페하이웨스트#cafelayered,2020-11-08,229,Cafe Highwaist,"['#하이웨스트', '#dayoff', '#cafehighwaist', '#카페하이웨스트', '#cafelayered']",https://www.instagram.com/philosophy_ryo/,7722,473
84,카페하이웨스트,사진맛집🤗#카페하이웨스트 #하이웨스트익선 #익선 #익선동 #익선동카페 #카페 #카페스타그램 #카페추천 #카페투어,2020-11-08,38,하이웨스트익선,"['#카페하이웨스트', '#하이웨스트익선', '#익선', '#익선동', '#익선동카페', '#카페', '#카페스타그램', '#카페추천', '#카페투어']",https://www.instagram.com/jaein.m/,450,157
85,카페하이웨스트,.Cafe Highwaist 🐶🍰☕️ 카페하이웨스트🐶🍰☕️>>>> @cafe_highwaist .얼그레이케이크 랑 아이스아메리카노👍🤎🤍#서울 #서울카페 #카페하이웨스트 #cafehighwaist #연남동카페 #연남동 #얼그레이 #얼그레이케이크 #아이스아메리카노,2020-11-07,10,Cafe Highwaist,"['#서울', '#서울카페', '#카페하이웨스트', '#cafehighwaist', '#연남동카페', '#연남동', '#얼그레이', '#얼그레이케이크', '#아이스아메리카노']",https://www.instagram.com/na.rouge/,5,51
86,카페하이웨스트,⠀밍크 에코 퍼가 들어가서 더욱 따뜻한조거팬츠⠀#감성글귀 #데일리룩 #이지룩 #산책 #텀블러추천 #반스 #거샷 #셀피 #카페하이웨스트 #유칼립투스 #인테리어,2020-11-07,1,,"['#감성글귀', '#데일리룩', '#이지룩', '#산책', '#텀블러추천', '#반스', '#거샷', '#셀피', '#카페하이웨스트', '#유칼립투스', '#인테리어']",https://www.instagram.com/mini___1224/,36,41
87,카페하이웨스트,익선점에도 크리스마스가 다가오고 있어요🎄#하이웨스트익선 #카페하이웨스트 #익선동카페 #카페 #카페인테리어 #cafehighwaist #cafehighwaistikseon #익선동 #카페오픈 #익선동빵집 #익선동케이크 #익선동디저트,2020-11-07,167,하이웨스트익선,"['#하이웨스트익선', '#카페하이웨스트', '#익선동카페', '#카페', '#카페인테리어', '#cafehighwaist', '#cafehighwaistikseon', '#익선동', '#카페오픈', '#익선동빵집', '#익선동케이크', '#익선동디저트']",https://www.instagram.com/cafe_highwaist/,3397,3
88,카페하이웨스트,☕️ 𝑐𝑎𝑓𝑒 ℎ𝑖𝑔ℎ𝑤𝑎𝑖𝑠𝑡⠀⠀일상포스팅 업로드 완료 😊Link in bio,2020-11-06,50,,[],https://www.instagram.com/lorabora_bbb/,327,37
89,카페하이웨스트,ええ顔にすぎてお気に入りや🐶.右向きか左向きどっちにするかめっちゃ迷った、、（嘘）...#hongdaecafe #yeonnamdong #yeonnamdongcafe #cafehighwaist #海外旅行 #韓国 #韓国旅行 #渡韓記録 #ソウル #ソウル旅行 #弘大 #延南洞 #ソウルカフェ #弘大カフェ #延南洞カフェ #カフェ巡り #カフェスタグラム #カフェ活 #カフェ部 #カフェ好き #カフェ好きな人と繋がりたい #ポートレート #홍대 #홍대카페 #연남동 #연남동카페 #카페탐방 #카페스타그램 #좋아요반사 #카페하이웨스트,2020-11-06,66,Cafe Highwaist,"['#hongdaecafe', '#yeonnamdong', '#yeonnamdongcafe', '#cafehighwaist', '#海外旅行', '#韓国', '#韓国旅行', '#渡韓記録', '#ソウル', '#ソウル旅行', '#弘大', '#延南洞', '#ソウルカフェ', '#弘大カフェ', '#延南洞カフェ', '#カフェ巡り', '#カフェスタグラム', '#カフェ活', '#カフェ部', '#カフェ好き', '#カフェ好きな人と繋がりたい', '#ポートレート', '#홍대', '#홍대카페', '#연남동', '#연남동카페', '#카페탐방', '#카페스타그램', '#좋아요반사', '#카페하이웨스트']",https://www.instagram.com/kanapiyo319/,574,105
90,카페하이웨스트,だいすきなところ🍴🌼新しくできたイクソンドンのほうも行きたいな〜〜 #archive,2020-11-06,49,Cafe Highwaist,['#archive'],https://www.instagram.com/ttghy/,220,141
91,카페하이웨스트,(🍪)#연남동#연남동카페#카페하이웨이스트#카페하이웨스트#연남동스콘맛집#스콘#빵집#연남동빵집#버터스콘#아메리카노#아이스아메리카노#얼그레이#아이스얼그레이,2020-11-06,24,Cafe Highwaist,"['#연남동', '#연남동카페', '#카페하이웨이스트', '#카페하이웨스트', '#연남동스콘맛집', '#스콘', '#빵집', '#연남동빵집', '#버터스콘', '#아메리카노', '#아이스아메리카노', '#얼그레이', '#아이스얼그레이']",https://www.instagram.com/fkuropinion_.fine/,114,83
92,카페하이웨스트,"하이웨스트 연남점은 매주 화요일 휴무입니다. 가까운 레이어드 연남점이나 하이웨스트 익선점 방문해주세요!하이웨스트 익선점, 레이어드 연남점, 레이어드 안국점은 정상 영업합니다😊...#카페레이어드 #카페하이웨스트 #cafelayered ##cafehighwaist #연남동카페 #익선동카페",2020-11-06,124,Cafe Highwaist,"['#카페레이어드', '#카페하이웨스트', '#cafelayered', '#cafehighwaist', '#연남동카페', '#익선동카페']",https://www.instagram.com/cafe_highwaist/,3397,3
93,카페하이웨스트,⠀다시 가고 싶은♥︎また行きたくなった。⠀#카페하이웨스트 #韓国カフェ #金曜日 #韓国好き #ootd #カフェ活 #新大久保 #鶴橋コリアンタウン,2020-11-06,18,,"['#카페하이웨스트', '#韓国カフェ', '#金曜日', '#韓国好き', '#ootd', '#カフェ活', '#新大久保', '#鶴橋コリアンタウン']",https://www.instagram.com/minimi_korean_lesson/,44,31
94,카페하이웨스트,café highwaist🧸...#카페레이어드 #카페하이웨스트 #cafelayered ##cafehighwaist #연남동카페 #익선동카페,2020-11-05,194,Cafe Highwaist,"['#카페레이어드', '#카페하이웨스트', '#cafelayered', '#cafehighwaist', '#연남동카페', '#익선동카페']",https://www.instagram.com/cafe_layered/,119000,435
95,카페하이웨스트,고소한 스콘에 커피한잔 하고싶은 날~!@스콘투어 ㄱㄱ?#뚝방길홍차가게#오목눈이#스탬프커피#노르웨이안우드#카페하이웨스트#맘마미아#카페스콘#옐로우버터드림#아워타임투게더#flex_seoul#서울스콘맛집#서울카페추천#서울디저트맛집#건대카페#연남동카페#망원동카페#압구정카페#서울가볼만한곳,2020-11-05,126,"Seoul, Korea","['#뚝방길홍차가게', '#오목눈이', '#스탬프커피', '#노르웨이안우드', '#카페하이웨스트', '#맘마미아', '#카페스콘', '#옐로우버터드림', '#아워타임투게더', '#flex_seoul', '#서울스콘맛집', '#서울카페추천', '#서울디저트맛집', '#건대카페', '#연남동카페', '#망원동카페', '#압구정카페', '#서울가볼만한곳']",https://www.instagram.com/flex__seoul/,3291,18
96,카페하이웨스트,"#연남동 #카페하이웨스트 #원바이트피자클럽...술도 안마셨는데 술텐션.,, 담에 또 모여요💪🏻❤️ 유진언니 인스타개설 요망😞",2020-11-04,35,,"['#연남동', '#카페하이웨스트', '#원바이트피자클럽...술도']",https://www.instagram.com/328_noeyh_/,88,90
97,카페하이웨스트,함냐함냐함...#카페투어 #또가자 #얘두라 #연남동 #연남동카페 #카페하이웨스트,2020-11-04,30,,"['#카페투어', '#또가자', '#얘두라', '#연남동', '#연남동카페', '#카페하이웨스트']",https://www.instagram.com/sssux_/,176,94
98,카페하이웨스트,💛...#카페레이어드 #카페하이웨스트 #cafelayered ##cafehighwaist #연남동카페 #익선동카페,2020-11-04,122,Cafe Highwaist,"['#카페레이어드', '#카페하이웨스트', '#cafelayered', '#cafehighwaist', '#연남동카페', '#익선동카페']",https://www.instagram.com/cafe_highwaist/,3397,3
99,카페하이웨스트,:안녕하세요~🧡アンニョン~🧡:minimi_korean_lessonです。:益善洞(イッソンドン)にある大人気可愛いカフェ☕️”Cafe highwaist”:韓屋をリノベーションして韓国の伝統的な雰囲気が感じれる可愛いカフェです。:一番おすすめのコーヒーは☕️「scotch latte」~❣️:ケーキ、スコーン、プレッツェルなど色んなデザートが楽しめます。:私も大好きで！자주 가요~~!!⠀⠀#韓国 #韓国語 #韓国人 #韓国語講座 #ハングル #韓国好きな人と繋がりたい #韓国グルメ #韓国カフェ #ソウル旅行 #minimi_korean_lesson #韓国語勉強 #韓国語先生 #愛の不時着 #韓国語独学 #bts好き #ヒョンビン #韓国語入門 #韓国語入門コース募集中 #カフェ巡り #鶴橋 #鶴橋コリアンタウン #韓国メイク #cafehighwaist #오오티디 #카페하이웨스트,2020-11-04,30,,"['#韓国', '#韓国語', '#韓国人', '#韓国語講座', '#ハングル', '#韓国好きな人と繋がりたい', '#韓国グルメ', '#韓国カフェ', '#ソウル旅行', '#minimi_korean_lesson', '#韓国語勉強', '#韓国語先生', '#愛の不時着', '#韓国語独学', '#bts好き', '#ヒョンビン', '#韓国語入門', '#韓国語入門コース募集中', '#カフェ巡り', '#鶴橋', '#鶴橋コリアンタウン', '#韓国メイク', '#cafehighwaist', '#오오티디', '#카페하이웨스트']",https://www.instagram.com/minimi_korean_lesson/,44,31
100,카페하이웨스트,호갬 놓치지 않을거에유✊#추워,2020-11-03,19,하이웨스트익선,['#추워'],https://www.instagram.com/lovvable_/,175,293
101,카페하이웨스트,☕️🍰추운데 일하면서 요런 재미는 있으야지~보기만해도 충전되는 느낌 ㅋ카페인과 당충전이 진리..또 만나자.....#날씨는왜케춥니 #바람이분다#당충전 #카페인수혈 #눈도즐겁#익선동카페 #카페하이웨스트 #카페스타그램 #익선동핫플 #미리날일상 #미리나쥬얼리#양미리나#MIRINA,2020-11-03,31,하이웨스트익선,"['#날씨는왜케춥니', '#바람이분다', '#당충전', '#카페인수혈', '#눈도즐겁', '#익선동카페', '#카페하이웨스트', '#카페스타그램', '#익선동핫플', '#미리날일상', '#미리나쥬얼리', '#양미리나', '#MIRINA']",https://www.instagram.com/yang_mirina/,748,352
102,카페하이웨스트,...#첫줄 #selfie #카페 #amor #follow #likeforlikes #followforfollowback #fff #l4l #새벽 #셀카 #선팔하면맞팔 #셀피 #일상 #선팔 #맞팔 #좋아요 #korea #아이폰11 #dailylook #ootd #daily #인친 #좋반 #데일리룩 #첫줄반사 #맞팔해요 #먹방 #카페하이웨스트 #하이웨스트연남,2020-11-02,115,Cafe Highwaist,"['#첫줄', '#selfie', '#카페', '#amor', '#follow', '#likeforlikes', '#followforfollowback', '#fff', '#l4l', '#새벽', '#셀카', '#선팔하면맞팔', '#셀피', '#일상', '#선팔', '#맞팔', '#좋아요', '#korea', '#아이폰11', '#dailylook', '#ootd', '#daily', '#인친', '#좋반', '#데일리룩', '#첫줄반사', '#맞팔해요', '#먹방', '#카페하이웨스트', '#하이웨스트연남']",https://www.instagram.com/meop_poem/,290,361
103,카페하이웨스트,🐶🧁❣️,2020-11-02,31,Cafe Highwaist,[],https://www.instagram.com/j29won__/,36,9
104,카페하이웨스트,귀여우니까 두개 올리기🐶🐶 #보쿠보쿠모♥️ #카페하이웨스트,2020-11-02,42,,"['#보쿠보쿠모♥️', '#카페하이웨스트']",https://www.instagram.com/yep._.pi/,174,313
105,카페하이웨스트,#보쿠보쿠모♥️ #카페하이웨스트,2020-11-02,43,,"['#보쿠보쿠모♥️', '#카페하이웨스트']",https://www.instagram.com/yep._.pi/,174,313
106,카페하이웨스트,2020.10.29#연남동 의 #카페하이웨스트 까지 완벽💕역시 #스콘 은 사먹는게 맛나용🤗.....#daily #followforfollowback #f4follow #럽스타그램 #꽃신스타그램 #커플링 #서약서 #데이트 #찬나커플 #연남동카페 #cafe,2020-10-31,6,,"['#연남동', '#카페하이웨스트', '#스콘', '#daily', '#followforfollowback', '#f4follow', '#럽스타그램', '#꽃신스타그램', '#커플링', '#서약서', '#데이트', '#찬나커플', '#연남동카페', '#cafe']",https://www.instagram.com/chan_love_na/,0,0
107,카페하이웨스트,☕🤎...#익선동 #카페 #카페하이웨스트 #바닐라라떼 #밀크티 #카페스타그램 #커피스타그램 #데일리 #데일리그램,2020-10-31,23,,"['#익선동', '#카페', '#카페하이웨스트', '#바닐라라떼', '#밀크티', '#카페스타그램', '#커피스타그램', '#데일리', '#데일리그램']",https://www.instagram.com/miin0_yblog/,175,124
108,카페하이웨스트,갬성맛집🍰☕️#카페하이웨스트,2020-10-31,39,,['#카페하이웨스트'],https://www.instagram.com/cookie_raon/,1378,174
109,카페하이웨스트,#안국 #안국맛집 #하이웨스트익선 #익선동카페 #스콘맛집 #케이크맛집 #익선동맛집 #카페하이웨스트,2020-10-30,9,,"['#안국', '#안국맛집', '#하이웨스트익선', '#익선동카페', '#스콘맛집', '#케이크맛집', '#익선동맛집', '#카페하이웨스트']",https://www.instagram.com/foodie_anguk/,26,0
110,카페하이웨스트,잔나비꺼 들구  뒤에서 기다렸는데 못듣고 나와서 넘 아쉬웠던날🥺 다시 가야지✨✨(+도노),2020-10-30,101,현대카드 Vinyl&plastic,[],https://www.instagram.com/uszue__/,548,358
111,카페하이웨스트,𝑙𝑜𝑣𝑒 𝑖𝑣𝑜𝑟𝑦,2020-10-30,344,,[],https://www.instagram.com/luvsome.a/,2063,167
112,카페하이웨스트,익선동🤎,2020-10-29,7,Cafe Highwaist,[],https://www.instagram.com/lemona_82/,1,34
113,카페하이웨스트,빵 천국 🥨🥖🥞,2020-10-29,206,하이웨스트익선,[],https://www.instagram.com/bittermoon/,273000,210
114,카페하이웨스트,#20201023#20201028#dailinnn열심히 먹고 열심히 떠들고또 열심히 놀아도 늘 아쉬운 가을날🍁,2020-10-29,41,,"['#20201023', '#20201028', '#dailinnn열심히']",https://www.instagram.com/nnnilh/,320,314
115,카페하이웨스트,카페하이웨스트 👠#카페하이웨스트 #익선동 #익선동카페 #익선동카페추천 #카페추천 #카페스타그램 #카페 #감성카페 #한국카페 #서울카페 #한국 #서울 #유학생 #유학생활 #カフェ巡り #韓国カフェ #韓国カフェ巡り #韓国 #韓国留学 #韓国留学生 #留学生活 #留学生 #일상 #일상스타그램 #팔로우 #팔로우환영 #소통 #소통해요 #선팔맞팔 #fff,2020-09-17,8,익선동,"['#카페하이웨스트', '#익선동', '#익선동카페', '#익선동카페추천', '#카페추천', '#카페스타그램', '#카페', '#감성카페', '#한국카페', '#서울카페', '#한국', '#서울', '#유학생', '#유학생활', '#カフェ巡り', '#韓国カフェ', '#韓国カフェ巡り', '#韓国', '#韓国留学', '#韓国留学生', '#留学生活', '#留学生', '#일상', '#일상스타그램', '#팔로우', '#팔로우환영', '#소통', '#소통해요', '#선팔맞팔', '#fff']",https://www.instagram.com/mino_cook/,52,32
116,카페하이웨스트,#한국카페 #연남동카페 #홍대카페 #카페하이웨스트,2019-11-25,76,Cafe Highwaist,"['#한국카페', '#연남동카페', '#홍대카페', '#카페하이웨스트']",https://www.instagram.com/__1239r/,408,487
117,카페하이웨스트,"하이웨스트 연남점은 매주 화요일 휴무입니다. 가까운 레이어드 연남점이나 하이웨스트 익선점 방문해주세요!레이어드 안국점, 레이어드 연남점, 하이웨스트 익선점은 정상 영업합니다😊...#카페레이어드 #카페하이웨스트 #cafelayered ##cafehighwaist #연남동카페 #익선동카페",2020-10-29,259,Cafe Highwaist,"['#카페레이어드', '#카페하이웨스트', '#cafelayered', '#cafehighwaist', '#연남동카페', '#익선동카페']",https://www.instagram.com/cafe_layered/,119000,435
118,카페하이웨스트,빵순이 나영이의 픽 지각했어도 사진은 찍어줘야해🤭,2020-10-28,64,"Jongno-Gu, Seoul,  Korea",[],https://www.instagram.com/uszue__/,548,358
119,카페하이웨스트,넘 귀여운거 아닙니꽈🐶....#연남동 #카페하이웨스트 #카페스타그램 #홍대카페 #프렌치라떼 #따라 #레드벨벳케이크 #사진열정이숙취를이긴순간 #숙취해소제 #커피가최고👍,2020-10-28,27,Cafe Highwaist,"['#연남동', '#카페하이웨스트', '#카페스타그램', '#홍대카페', '#프렌치라떼', '#따라', '#레드벨벳케이크', '#사진열정이숙취를이긴순간', '#숙취해소제', '#커피가최고👍']",https://www.instagram.com/genieei_/,288,414
120,카페하이웨스트,Butter scones🧈✨...#카페레이어드 #카페하이웨스트 #cafelayered ##cafehighwaist #연남동카페 #익선동카페,2020-10-28,324,Cafe Highwaist,"['#카페레이어드', '#카페하이웨스트', '#cafelayered', '#cafehighwaist', '#연남동카페', '#익선동카페']",https://www.instagram.com/cafe_layered/,119000,435
121,카페하이웨스트,".요즘 홈카페&홈쿡할 여유가 없네요...오랜만에 제 사진 하나 투척하며~ #수요팅 #파이팅 취미는 주춤, 다시시작된 등교에 애들케어(?) 하느라, 저 놀러다니느라 넘흐 바쁘네욤🤣🤣🤣오프라인 뿌시고 다니느라 온라인샤핑할 시간이 없는 웃픈 나날들~ 1년전만 해도 가는 카페마다 인생사진 한가득이였는데, 남편은 사진💩손에 잘 찍어주지도 않는데 오랜만에 솔메덕에 프필사진 득템✌️✌️✌️벌써 수요일 실화입니꽈~ 이번주엔 형제들이 친구들 다 저희집으로 델고 올 예정이라 맘이 바쁘네용~ 다들~ 오늘도 💪💪💪.",2020-10-28,124,,"['#수요팅', '#파이팅']",https://www.instagram.com/kira_kira81/,1089,468
122,카페하이웨스트,아아랑 찰떡🖤#하이웨스트 #highwaist #카페하이웨스트 #연남동카페 #홍대카페 #경의선숲길 #카페투어,2020-10-27,18,Cafe Highwaist,"['#하이웨스트', '#highwaist', '#카페하이웨스트', '#연남동카페', '#홍대카페', '#경의선숲길', '#카페투어']",https://www.instagram.com/to__snow2/,56,46
123,카페하이웨스트,우연히 귀요미를 보시면 얼른 데려가 주세요 💓#하이웨스트익선 #카페하이웨스트 #익선동카페 #카페 #카페인테리어 #cafehighwaist #cafehighwaistikseon #익선동 #카페오픈 #익선동빵집 #익선동스콘 #스콘맛집,2020-10-27,158,하이웨스트익선,"['#하이웨스트익선', '#카페하이웨스트', '#익선동카페', '#카페', '#카페인테리어', '#cafehighwaist', '#cafehighwaistikseon', '#익선동', '#카페오픈', '#익선동빵집', '#익선동스콘', '#스콘맛집']",https://www.instagram.com/cafe_highwaist/,3397,3
124,카페하이웨스트,오랫만에 데이트같은 데이트였오💙...#콩순이랑 #주말데이트,2020-10-26,83,하이웨스트익선,"['#콩순이랑', '#주말데이트']",https://www.instagram.com/s_aem_i/,395,278
125,카페하이웨스트,익선동 하이웨스트 카페 프레첼과 케잌의 맛과 분위기까지 대박♡#익선동#익선동카페#하이웨스트#카페하이웨스트#인스타카페#카페스타그램#맛집스타그램#프레첼#치즈케잌#cafestagram#ikseondong#koreancafe#cafe#익선동맛집,2020-10-26,18,,"['#익선동', '#익선동카페', '#하이웨스트', '#카페하이웨스트', '#인스타카페', '#카페스타그램', '#맛집스타그램', '#프레첼', '#치즈케잌', '#cafestagram', '#ikseondong', '#koreancafe', '#cafe', '#익선동맛집']",https://www.instagram.com/sinlimeatingplace/,85,11
126,카페하이웨스트,#익선동 #카페하이웨스트 #카페하이웨스트익선,2020-10-26,6,하이웨스트익선,"['#익선동', '#카페하이웨스트', '#카페하이웨스트익선']",https://www.instagram.com/dayss_dayss/,12,9
127,카페하이웨스트,쌀쌀한 날씨엔 따뜻한 라떼🧸...#카페하이웨스트 #하이웨스트연남 #cafehighwaist #연남동카페,2020-10-26,274,Cafe Highwaist,"['#카페하이웨스트', '#하이웨스트연남', '#cafehighwaist', '#연남동카페']",https://www.instagram.com/cafe_layered/,119000,435
128,카페하이웨스트,📍익선동 하이웨스트분위기 마치 외쿡✨..#종로카페 #종로맛집 #익선동카페 #익선동하이웨스트 #하이웨스트익선 #카페하이웨스트 #하이웨스트베이커리카페 #익선동맛집 #베이커리카페 #아이스아메리카노 #빵맛집 #케이크맛집 #익선동데이트 #일상 #일상스타그램 #소통해요 #일상기록 #맛집추천,2020-10-25,13,하이웨스트익선,"['#종로카페', '#종로맛집', '#익선동카페', '#익선동하이웨스트', '#하이웨스트익선', '#카페하이웨스트', '#하이웨스트베이커리카페', '#익선동맛집', '#베이커리카페', '#아이스아메리카노', '#빵맛집', '#케이크맛집', '#익선동데이트', '#일상', '#일상스타그램', '#소통해요', '#일상기록', '#맛집추천']",https://www.instagram.com/buono._.s/,111,40
129,카페하이웨스트,꾸덕꾸덕 찌인한 크림맛집 ☁️.....#익선동카페 #카페하이웨스트 #하이웨스트익선 #크림커피 #스카치커피#얼그레이케이크,2020-10-25,46,,"['#익선동카페', '#카페하이웨스트', '#하이웨스트익선', '#크림커피', '#스카치커피', '#얼그레이케이크']",https://www.instagram.com/miingjaely/,232,396
130,카페하이웨스트,.グラスがかわいい夏に行ったカフェ☕️..#カフェ #cafe #카페 #카페하이웨스트 #カフェ巡り #かふぇすたぐらむ #カフェスタグラム #カフェ好きな人と繋がりたい #映えカフェ #お洒落カフェ #北浜カフェ #大阪カフェ #spectacle,2020-10-25,409,Spectaclekitahama,"['#カフェ', '#cafe', '#카페', '#카페하이웨스트', '#カフェ巡り', '#かふぇすたぐらむ', '#カフェスタグラム', '#カフェ好きな人と繋がりたい', '#映えカフェ', '#お洒落カフェ', '#北浜カフェ', '#大阪カフェ', '#spectacle']",https://www.instagram.com/aipotegram/,106000,541
131,카페하이웨스트,.....#카페하이웨스트 #카페스타그램 #카페스타그램 #주말 #주말일상 #주말스타그램 #일상 #일상스타그램 #일상기록 #좋아요 #좋아요그램 #맞팔 #맞팔해요 #맞팔환영 #맞팔선팔환영 #맞팔좋아요 #오늘 #서울카페 #서울일상 #首尔 #首尔咖啡店 #首尔美食,2020-10-25,26,,"['#카페하이웨스트', '#카페스타그램', '#카페스타그램', '#주말', '#주말일상', '#주말스타그램', '#일상', '#일상스타그램', '#일상기록', '#좋아요', '#좋아요그램', '#맞팔', '#맞팔해요', '#맞팔환영', '#맞팔선팔환영', '#맞팔좋아요', '#오늘', '#서울카페', '#서울일상', '#首尔', '#首尔咖啡店', '#首尔美食']",https://www.instagram.com/yuyuejia_9/,137,145
132,카페하이웨스트,🍰....#카페하이웨스트 #카페스타그램 #카페스타그램 #주말 #주말일상 #주말스타그램 #일상 #일상스타그램 #일상기록 #좋아요 #좋아요그램 #맞팔 #맞팔해요 #맞팔환영 #맞팔선팔환영 #맞팔좋아요 #오늘 #서울카페 #서울일상 #首尔 #首尔咖啡店 #首尔美食,2020-10-25,25,,"['#카페하이웨스트', '#카페스타그램', '#카페스타그램', '#주말', '#주말일상', '#주말스타그램', '#일상', '#일상스타그램', '#일상기록', '#좋아요', '#좋아요그램', '#맞팔', '#맞팔해요', '#맞팔환영', '#맞팔선팔환영', '#맞팔좋아요', '#오늘', '#서울카페', '#서울일상', '#首尔', '#首尔咖啡店', '#首尔美食']",https://www.instagram.com/yuyuejia_9/,137,145
133,카페하이웨스트,🍰☕여기 너무 이뻐❤📸...#하이웨스트익선 #분위기맛집 #익선동 #익선동카페 #익선동맛집 #카페하이웨스트 #하이웨스트 #ricohgr3,2020-10-25,167,하이웨스트익선,"['#하이웨스트익선', '#분위기맛집', '#익선동', '#익선동카페', '#익선동맛집', '#카페하이웨스트', '#하이웨스트', '#ricohgr3']",https://www.instagram.com/amy_ej_/,2105,1266
134,카페하이웨스트,오랜만의 카페🍰#연남동카페 #카페하이웨스트 #익선동 #홍대카페 #연남핫플 #사람짱많음 #랜디스도넛 #줄짱길어 #빠레트한남 #카페거리 #스쿱 #존맛탱 #수다타임 #토요일 #일상기록 #instacafe #followｍe #선팔맞팔 #소품샵 #갬성카페 #👭🏻,2020-10-25,41,연남동 어딘가,"['#연남동카페', '#카페하이웨스트', '#익선동', '#홍대카페', '#연남핫플', '#사람짱많음', '#랜디스도넛', '#줄짱길어', '#빠레트한남', '#카페거리', '#스쿱', '#존맛탱', '#수다타임', '#토요일', '#일상기록', '#instacafe', '#followｍe', '#선팔맞팔', '#소품샵', '#갬성카페', '#👭🏻']",https://www.instagram.com/ju_juhyun/,194,137
135,카페하이웨스트,Brownie🍁#하이웨스트익선 #카페하이웨스트 #익선동카페 #카페 #카페인테리어 #cafehighwaist #cafehighwaistikseon #익선동 #카페오픈 #익선동빵집 #익선동케이크 #스모어브라우니 #브라우니,2020-10-25,113,하이웨스트익선,"['#하이웨스트익선', '#카페하이웨스트', '#익선동카페', '#카페', '#카페인테리어', '#cafehighwaist', '#cafehighwaistikseon', '#익선동', '#카페오픈', '#익선동빵집', '#익선동케이크', '#스모어브라우니', '#브라우니']",https://www.instagram.com/cafe_highwaist/,3397,3
136,카페하이웨스트,1년만에 다시 찾아온 익선동,2020-10-24,0,Cafe1993,[],https://www.instagram.com/cafe_n_ootd/,0,1
137,카페하이웨스트,"#연남동#하이웨스트카페..저번에 연남동 갔던 피드 올렸었는데..뒤늦게 카페 피드도 올려봅니다..ㅎㅎ(주섬주섬)..인스타로 예쁜 카페 어딨을까 찾아보다가,,친구의 픽으로 가게된 연남 하!이!웨!스!트!..아기자기한 분위기와 외국 가정집 같은! 분위기였어요ㅎㅎ가게는 좀 작았지만 갬성 느껴지는 곳이기도 하더라구요!빵도 다양했구 음료도 다양했어요😍..저희의 픽은 카페라떼 하나랑 시그니처 메뉴라고 추천해주신! 프렌치 라떼를 시키고 빵은 스콘이 땡겨서 딸기스콘을 먹었어요!!ㅎㅎ..카페라떼는 그냥 카페라떼였어요!ㅎㅎㅎ스콘은 딸기잼이 위에 올려저서 나오는데 새콤달콤하니 맛있더라구요👍커피랑 찰떡이에요😉그런 다음 제일 기대됬던 프렌치라떼❣️영상처럼 윗부분을 톡톡 쳐서 깬 뒤에 밑에 있는 크림과 함께 먹은 후에 커피와 우유를 섞어 마시면 된다고 설명을 들은 후 그렇게 먹어봤어요!크림은 달달한 맛이 가득이었고 섞어 먹었을 때는 커피보다는 커피우유 같은 맛이었어요!커피를 그닥 안좋아하는 친구도 맛있다고 하더라구요👍..(휴지는 너무 귀여워서 찍어봤어요..ㅎㅎ)..가격은 좀 비쌌지만..갬성 가득한 곳에서 사진 찍고 친구와 이야기하기는 좋은 곳 같았어요❣️..👉카페라떼:6000원👉프렌치라떼:7500원👉딸기스콘:4500원..#연남동#연남#카페#하이웨스트#카페하이웨스트#스콘#카페라떼#프렌치라떼#딸기스콘#먹스타그램#맛있다그램#맛스타그램#팔로우#선팔#환영#맞팔은댓#먹팔해요#좋아요#food#foodstagram#카페스타그램",2020-10-24,53,,"['#연남동', '#하이웨스트카페..저번에', '#연남동', '#연남', '#카페', '#하이웨스트', '#카페하이웨스트', '#스콘', '#카페라떼', '#프렌치라떼', '#딸기스콘', '#먹스타그램', '#맛있다그램', '#맛스타그램', '#팔로우', '#선팔', '#환영', '#맞팔은댓', '#먹팔해요', '#좋아요', '#food', '#foodstagram', '#카페스타그램']",https://www.instagram.com/tasteeee_01/,392,208
138,카페하이웨스트,..쵸코 덕후라 기대했던 케이크는진한 쵸코 크림이 아니라 버터크림이라 당황쓰.속엔 크림대신 크림치즈인데 느끼함을 잡아주어 좋았던.친구가 시킨 캬라멜 버터 스콘이 괜찮네....#칼로리걱정내려놓는날방문추천#단기증량필요하신분들추천,2020-10-24,394,하이웨스트익선,"['#칼로리걱정내려놓는날방문추천', '#단기증량필요하신분들추천']",https://www.instagram.com/shin_la_la/,5300,122
139,카페하이웨스트,ㄱㅇㅇ⠀⠀⠀⠀#연남동 #카페 #카페하이웨스트 #연남동카페 #레드벨벳케이크 #멈뭄미,2020-10-24,26,,"['#연남동', '#카페', '#카페하이웨스트', '#연남동카페', '#레드벨벳케이크', '#멈뭄미']",https://www.instagram.com/zzigoul_yeon/,92,156
140,카페하이웨스트,..여기는 오픈즈음 방문해 사진 100장 찍어갔던 곳인데홀린듯이 또 찍고 있음.(취향이 아닌데도 불구)오랫만에 와도 여전히 인기좋고 예쁜 곳....,2020-10-24,352,하이웨스트익선,[],https://www.instagram.com/shin_la_la/,5300,122
141,카페하이웨스트,분위기+케이크=💯#익선동 #카페 #카페하이웨스트 #할머니가만든초코케이크였나? #티라미수,2020-10-24,21,,"['#익선동', '#카페', '#카페하이웨스트', '#할머니가만든초코케이크였나?', '#티라미수']",https://www.instagram.com/jungjju822/,195,170
142,카페하이웨스트,#살라댕방콕 #카페하이웨스트 🌴방콕가고싶다🥭,2020-10-23,11,익선동,"['#살라댕방콕', '#카페하이웨스트']",https://www.instagram.com/jeongah.oh/,42,49
143,카페하이웨스트,Strawberry scones🍓...#카페레이어드 #카페하이웨스트 #cafelayered ##cafehighwaist #연남동카페 #익선동카페,2020-10-23,489,Cafe Highwaist,"['#카페레이어드', '#카페하이웨스트', '#cafelayered', '#cafehighwaist', '#연남동카페', '#익선동카페']",https://www.instagram.com/cafe_layered/,119000,435
144,카페하이웨스트,언제나 스콘은 좋은걸🍰🍪(이모티콘에 스콘 왜없어..)#일상 #연남 #카페 #데일리 #카페하이웨스트,2020-10-22,23,,"['#일상', '#연남', '#카페', '#데일리', '#카페하이웨스트']",https://www.instagram.com/bright_via426/,114,181
145,카페하이웨스트,"주인님들 잔뜩 돌아다녔던 화요일의 익선동!한.또.익❗️한.또.하❗️ 다른 건 모르겠고 항정살 구이가 미친놈이었다,, 익선동 가면 하이웨스트 못 잃어ㅠ #익선동맛집 #르블란서 #항정살구이 #라구파스타 #하이웨스트익선 #카페하이웨스트 #스모어 #브라우니 #블루베리스콘 #스카치라떼",2020-10-21,51,익선동,"['#익선동맛집', '#르블란서', '#항정살구이', '#라구파스타', '#하이웨스트익선', '#카페하이웨스트', '#스모어', '#브라우니', '#블루베리스콘', '#스카치라떼']",https://www.instagram.com/cavity_h/,364,207
146,카페하이웨스트,맛저 💓,2020-10-21,40,하이웨스트익선,[],https://www.instagram.com/yo_ovely/,226,80
147,카페하이웨스트,이번 주부터 익선점에는 신선한 딸기가 들어와요❤️#하이웨스트익선 #카페하이웨스트 #익선동카페 #카페 #카페인테리어 #cafehighwaist #cafehighwaistikseon #익선동 #카페오픈 #익선동빵집 #익선동케이크 #케이크맛집,2020-10-21,160,하이웨스트익선,"['#하이웨스트익선', '#카페하이웨스트', '#익선동카페', '#카페', '#카페인테리어', '#cafehighwaist', '#cafehighwaistikseon', '#익선동', '#카페오픈', '#익선동빵집', '#익선동케이크', '#케이크맛집']",https://www.instagram.com/cafe_highwaist/,3397,3
148,카페하이웨스트,#연남동 #연남동카페 #카페하이웨스트 #연남동카페하이웨스트,2020-10-20,37,,"['#연남동', '#연남동카페', '#카페하이웨스트', '#연남동카페하이웨스트']",https://www.instagram.com/miel.1219/,191,689
149,카페하이웨스트,#익선동 #점심회식#돈부리파스타 에서 대환장으로 골고루 먹고#카페하이웨스트 에서 커피랑 디저트 조지고!먹느라 바쁜데 이쁜 음식사진 따위 없다🙅🏻‍♀️,2020-10-20,19,익선동,"['#익선동', '#점심회식', '#돈부리파스타', '#카페하이웨스트']",https://www.instagram.com/u_lucete/,39,62
150,카페하이웨스트,달콤한 게 당기는 요즘 #하이웨스트익선 #카페하이웨스트 #익선동카페 #카페 #카페인테리어 #cafehighwaist #cafehighwaistikseon #익선동 #카페오픈 #익선동빵집 #익선동스콘 #스콘맛집,2020-10-20,140,하이웨스트익선,"['#하이웨스트익선', '#카페하이웨스트', '#익선동카페', '#카페', '#카페인테리어', '#cafehighwaist', '#cafehighwaistikseon', '#익선동', '#카페오픈', '#익선동빵집', '#익선동스콘', '#스콘맛집']",https://www.instagram.com/cafe_highwaist/,3397,3
151,카페하이웨스트,昨日は久々にカフェ満喫した🍰#연남동카페추천 #카페하이웨스트 #カフェ好きな人と繋がりたい #カフェ活 #카페탐방 먹음직스러운 케이크👏✨,2020-10-19,37,,"['#연남동카페추천', '#카페하이웨스트', '#カフェ好きな人と繋がりたい', '#カフェ活', '#카페탐방']",https://www.instagram.com/hemimango/,77,122
152,카페하이웨스트,"가도 또 가고 싶은 카페, 카페 하이웨스트💓카페 분위기는 흰색과 노랑을 연상케 하는데, 오히려 감성은 핑크색을 더 떠올리게 하는 카페같다랄까,카페 인테리어가 어떻게 이리 잘되어 있는지.. 홍대 갈때마다 들려야지!! 진짜 사람을 끌어들이는 힘이 있다. 특히 거울에 흰색으로 쓴 글귀며 메뉴가 제일 마음에 들어! 혹시나 하는 마음에 사장님께 카페용 스티커 있냐하니까 있다고 하면서 종류가 두가지 있어서 다 챙겨주셨어ㅜ 생각보다 많이 챙겨주셔서 노트에 적을때마다 챙겨야겠다는 생각이 문득 들었다ㅎㅎ💭맨위는 휴지에 적혀있는거 나름 이쁘게 잘라서 부친거!(내 그림 실력 절대 저리 좋지 않아용☺️)가은이가 내가 꾸민게 너무 이쁘다고 사진 엄청 찍어감🤫.._#카페스타그램 #카페글귀 #카페 #카페하이웨스트 #카페하이웨스트연남 #분위기좋은카페 #끄적끄적 #핑크감성 #jinsunscafetour #홍대 #연남 #연남동카페 #mondayvibes #cafeteller #writings",2020-10-19,40,,"['#카페스타그램', '#카페글귀', '#카페', '#카페하이웨스트', '#카페하이웨스트연남', '#분위기좋은카페', '#끄적끄적', '#핑크감성', '#jinsunscafetour', '#홍대', '#연남', '#연남동카페', '#mondayvibes', '#cafeteller', '#writings']",https://www.instagram.com/jinsun6_96/,763,600
153,카페하이웨스트,달달해서 기분좋음☺️,2020-10-19,37,연남동,[],https://www.instagram.com/615615alicia/,1680,316
154,카페하이웨스트,So sweet🥰,2020-10-19,38,연남동,[],https://www.instagram.com/615615alicia/,1680,316
155,카페하이웨스트,There’s so many to say about this cafe but will define it with this one sentence. 👉🏻The place where the girl’s dream comes true.✨,2020-10-19,60,Cafe Highwaist,[],https://www.instagram.com/jinsun6_96/,763,600
156,카페하이웨스트,겨울냄새 🧁#하이웨스트익선 #카페하이웨스트 #익선동카페 #카페 #카페인테리어 #cafehighwaist #cafehighwaistikseon #익선동 #카페오픈 #익선동빵집 #익선동케이크 #스모어브라우니,2020-10-18,99,하이웨스트익선,"['#하이웨스트익선', '#카페하이웨스트', '#익선동카페', '#카페', '#카페인테리어', '#cafehighwaist', '#cafehighwaistikseon', '#익선동', '#카페오픈', '#익선동빵집', '#익선동케이크', '#스모어브라우니']",https://www.instagram.com/vivian__log/,454,250
157,카페하이웨스트,#익선동 #카페하이웨스트 #광장시장 #빈대떡 #종묘 #종로시간의 역순 기록종묘에서 거의 둘만을 위한 열정적 해설가이드오랜만에 먹은 순희네 녹두 빈대떡연남에서 웨이팅으로 인해 번번이 못갔던 하이웨스트 마지막 대미를 장식한 업진안살까지,2020-10-18,7,종로3가역,"['#익선동', '#카페하이웨스트', '#광장시장', '#빈대떡', '#종묘', '#종로시간의']",https://www.instagram.com/vv0ney/,5,2
158,카페하이웨스트,-high waist and twist.,2020-10-18,64,하이웨스트익선,[],https://www.instagram.com/hizzihye/,650,556
159,카페하이웨스트,🍰🌻🥰,2020-10-18,47,연남동 어딘가,[],https://www.instagram.com/__yeon_s/,300,381
160,카페하이웨스트,2020.10.18. #연남동나들이 ♥️나리언니랑 해연언니랑 만보찌거따✌🏻😎✌🏻언니들이랑 맛난거먹고 이쁜거보고 쇼핑하고 최고야 진짜💕#연남동#연남동카페#카페하이웨스트#마찌,2020-10-18,55,연남동 경의선숲길,"['#연남동나들이', '#연남동', '#연남동카페', '#카페하이웨스트', '#마찌']",https://www.instagram.com/hani_niha_/,138,109
161,카페하이웨스트,진짜 눈돌아가는 카페였다...나도 모르게 침 고이고 계속해서 사진을 찍게되는 그런카페..#익선동#익선동카페#익선동맛집#익선동핫플#익선동데이트#서울데이트#하이웨스트익선#카페하이웨스트#빵스타그램#빵지순례#베이커리#디저트#빵맛집,2020-10-18,36,하이웨스트익선,"['#익선동', '#익선동카페', '#익선동맛집', '#익선동핫플', '#익선동데이트', '#서울데이트', '#하이웨스트익선', '#카페하이웨스트', '#빵스타그램', '#빵지순례', '#베이커리', '#디저트', '#빵맛집']",https://www.instagram.com/_keims_/,83,77
162,카페하이웨스트,요즘 날씨가 너무 맘에 들어요유후#커플사진#커플룩#커플옷#데이트#서울데이트#익선동#익선동데이트#익선동카페#하이웨스트#카페하이웨스트#하이웨스트익선#바버#바버자켓#데일리룩,2020-10-18,40,하이웨스트익선,"['#커플사진', '#커플룩', '#커플옷', '#데이트', '#서울데이트', '#익선동', '#익선동데이트', '#익선동카페', '#하이웨스트', '#카페하이웨스트', '#하이웨스트익선', '#바버', '#바버자켓', '#데일리룩']",https://www.instagram.com/_keims_/,83,77
163,카페하이웨스트,#하이웨스트익선 🍰☕#cafehighwaist여기 넘나 좋아❤내가 좋아하는 쪼코케익 먹고 #당충전 하고커피도 마시고 힐링했어🌿...#익선동 #익선동카페 #익선동핫플 #카페하이웨스트 #하이웨스트카페 #초코케이크 #케이크맛집 #디저트맛집 #카페추천 #카페투어 #cafe #cake,2020-10-18,164,하이웨스트익선,"['#하이웨스트익선', '#cafehighwaist여기', '#당충전', '#익선동', '#익선동카페', '#익선동핫플', '#카페하이웨스트', '#하이웨스트카페', '#초코케이크', '#케이크맛집', '#디저트맛집', '#카페추천', '#카페투어', '#cafe', '#cake']",https://www.instagram.com/amy_ej_/,2105,1266
164,카페하이웨스트,#오늘의카페#커피#카페투어#연남동카페#카페추천#카페하이웨스트 #cafehighwaist#인테리어#취미#커피스타그램#카페스타그램#마포구맛집#예쁜카페#디저트#데일리#감성사진#온더테이블#onthetable#desert#coffee#cafe#dailypic,2020-10-18,21,Cafe Highwaist,"['#오늘의카페', '#커피', '#카페투어', '#연남동카페', '#카페추천', '#카페하이웨스트', '#cafehighwaist', '#인테리어', '#취미', '#커피스타그램', '#카페스타그램', '#마포구맛집', '#예쁜카페', '#디저트', '#데일리', '#감성사진', '#온더테이블', '#onthetable', '#desert', '#coffee', '#cafe', '#dailypic']",https://www.instagram.com/yaachaebread/,47,17
165,카페하이웨스트,진짜 사장님이랑 결혼할래요,2020-10-17,43,Cafe Highwaist,[],https://www.instagram.com/suminee____/,1097,141
166,카페하이웨스트, ,2020-10-17,88,Cafe Highwaist,[],https://www.instagram.com/boye_8.39/,339,251
167,카페하이웨스트,익선...#주말#익선동#하이웨스트익선#카페하이웨스트#빵#갬성,2020-10-17,28,,"['#주말', '#익선동', '#하이웨스트익선', '#카페하이웨스트', '#빵', '#갬성']",https://www.instagram.com/13j_j/,148,213
168,카페하이웨스트,-왠지 안 땡겨서 안 갔었던 카페 하이웨스트.커피도 입맛에 맞고 케이크도 좀 달긴 하지만 맛있다....#카페하이웨스트 #cafehighwaist #하이웨스트익선 #익선동 #익선동카페 #플랫화이트 #크림라떼 #런던치즈케이크 #flatwhite #cake #coffee #cafetour #☕️#🧀#🍰,2020-10-17,28,하이웨스트익선,"['#카페하이웨스트', '#cafehighwaist', '#하이웨스트익선', '#익선동', '#익선동카페', '#플랫화이트', '#크림라떼', '#런던치즈케이크', '#flatwhite', '#cake', '#coffee', '#cafetour', '#☕️', '#🧀', '#🍰']",https://www.instagram.com/jtaijilove_goca/,211,249
169,카페하이웨스트,쌀쌀한 요즘 날씨와 어울리는 달콤 쫀득한 스모어 브라우니 🍫익선점에서 만나요 ✨#하이웨스트익선 #카페하이웨스트 #익선동카페 #카페 #카페인테리어 #cafehighwaist #cafehighwaistikseon #익선동 #카페오픈 #익선동빵집 #익선동케이크 #브라우니,2020-10-17,204,하이웨스트익선,"['#하이웨스트익선', '#카페하이웨스트', '#익선동카페', '#카페', '#카페인테리어', '#cafehighwaist', '#cafehighwaistikseon', '#익선동', '#카페오픈', '#익선동빵집', '#익선동케이크', '#브라우니']",https://www.instagram.com/cafe_highwaist/,3397,3
170,카페하이웨스트,약간 우리 지금 약간 난장판 .오랜만에 온 나의 20대 초중반을 보낸 동네 ...#카페하이웨스트 #데이투 #cafe #곰돌이,2020-10-17,13,Cafe Highwaist,"['#카페하이웨스트', '#데이투', '#cafe', '#곰돌이']",https://www.instagram.com/dinduni3/,61,57
171,카페하이웨스트,빵순이 눈 돌아가는 곳 👀.....#익선동 #감성카페 #하이웨스트익선 #카페하이웨스트 #보는것만으로도 #행보캐 #데일리 #일상,2020-10-17,75,익선동,"['#익선동', '#감성카페', '#하이웨스트익선', '#카페하이웨스트', '#보는것만으로도', '#행보캐', '#데일리', '#일상']",https://www.instagram.com/yooojin_0427/,366,191
172,카페하이웨스트,🐼#오후간식 🍫#과자도매 🍑#겨울코디룩 🍬#개인리스 🐐#바다이야기게임 ☕#외교 🌓#한잔해 😀#카페하이웨스트 🍏#절약 🍀#롯데피트인 🐨#망넛이네 🍶#오토허브,2020-10-16,1,,"['#오후간식', '#과자도매', '#겨울코디룩', '#개인리스', '#바다이야기게임', '#외교', '#한잔해', '#카페하이웨스트', '#절약', '#롯데피트인', '#망넛이네', '#오토허브']",https://www.instagram.com/kckbxolr289154/,12,10
173,카페하이웨스트,"[#cafehighwaist] 오늘따라 배고파서 잠이 안..온다.(아까 탕수육이랑 짜장면 실컷 먹었는데) 갓구운 스콘이랑 커피가 제일 먹고 싶은 밤(아니..새..벽) good night, good luck✨",2020-10-16,41,Cafe Highwaist,['#cafehighwaist]'],https://www.instagram.com/jojahyun/,2169,0
174,카페하이웨스트,⠀금요일이 바쁜건 참 오랜만인거 같아요바빠도 숨돌릴만한 곳이 많아서 감사〰️-cutting thin ringonly 14k/18k gold,2020-10-16,36,하이웨스트익선,[],https://www.instagram.com/philo_officialll/,31,0
175,카페하이웨스트,귀여워🧡#하이웨스트익선 #카페하이웨스트 #익선동카페 #카페 #카페인테리어 #cafehighwaist #cafehighwaistikseon #익선동 #카페오픈 #익선동빵집 #익선동케이크 #당근케이크,2020-10-16,101,하이웨스트익선,"['#하이웨스트익선', '#카페하이웨스트', '#익선동카페', '#카페', '#카페인테리어', '#cafehighwaist', '#cafehighwaistikseon', '#익선동', '#카페오픈', '#익선동빵집', '#익선동케이크', '#당근케이크']",https://www.instagram.com/cafe_highwaist/,3397,3
176,카페하이웨스트,🥕#하이웨스트익선 #카페하이웨스트 #익선동카페 #카페 #카페인테리어 #cafehighwaist #cafehighwaistikseon #익선동 #카페오픈 #익선동빵집 #익선동케이크 #당근케이크,2020-10-16,71,하이웨스트익선,"['#하이웨스트익선', '#카페하이웨스트', '#익선동카페', '#카페', '#카페인테리어', '#cafehighwaist', '#cafehighwaistikseon', '#익선동', '#카페오픈', '#익선동빵집', '#익선동케이크', '#당근케이크']",https://www.instagram.com/vivian__log/,454,250
177,카페하이웨스트,"오늘부턴 연남하이웨스트는 히터를틀고  전구들고 깜박이고 세탁해둔 블랑켓도꺼냈다, 따뜻하고  뭔가 다정한기분✨#cafehighwaist #하이웨스트연남 #카페하이웨스트",2020-10-16,0,Cafe Highwaist,"['#cafehighwaist', '#하이웨스트연남', '#카페하이웨스트']",https://www.instagram.com/philosophy_ryo/,7722,473
178,카페하이웨스트,쌀쌀하니까 귀요미 몽충이라떼하나 귀요미 플랫화이트하나  #cafehighwaist #카페하이웨스트,2020-10-16,259,Cafe Highwaist,"['#cafehighwaist', '#카페하이웨스트']",https://www.instagram.com/philosophy_ryo/,7722,473
179,카페하이웨스트,Red velvet puppy cake❤️...#카페레이어드 #카페하이웨스트 #cafelayered #cafehighwaist #연남동카페 #익선동카페,2020-10-16,159,,"['#카페레이어드', '#카페하이웨스트', '#cafelayered', '#cafehighwaist', '#연남동카페', '#익선동카페']",https://www.instagram.com/cafe_highwaist/,3397,3
180,카페하이웨스트,.だいぶ前やけどおいしかったんご..#カフェ #cafe #카페 #카페하이웨스트 #カフェ巡り #かふぇすたぐらむ #カフェスタグラム #カフェ好きな人と繋がりたい #映えカフェ #お洒落カフェ #韓国 #韓国カフェ #韓国カフェ風 #大阪カフェ #ourlogcoffee #コリアンタウン #鶴橋カフェ #鶴橋コリアンタウン,2020-10-15,678,Ourlog Coffee,"['#カフェ', '#cafe', '#카페', '#카페하이웨스트', '#カフェ巡り', '#かふぇすたぐらむ', '#カフェスタグラム', '#カフェ好きな人と繋がりたい', '#映えカフェ', '#お洒落カフェ', '#韓国', '#韓国カフェ', '#韓国カフェ風', '#大阪カフェ', '#ourlogcoffee', '#コリアンタウン', '#鶴橋カフェ', '#鶴橋コリアンタウン']",https://www.instagram.com/aipotegram/,106000,541
181,카페하이웨스트,그리운 기억,2020-10-15,76,,[],https://www.instagram.com/__noixy01/,472,323
182,카페하이웨스트,"오후 5시, 빛이 가장 따뜻할 때#하이웨스트익선 #카페하이웨스트 #익선동카페 #카페 #카페인테리어 #cafehighwaist #cafehighwaistikseon #익선동 #카페오픈 #익선동빵집 #익선동케이크 #빅토리아케이크 #티라미수",2020-10-15,68,하이웨스트익선,"['#하이웨스트익선', '#카페하이웨스트', '#익선동카페', '#카페', '#카페인테리어', '#cafehighwaist', '#cafehighwaistikseon', '#익선동', '#카페오픈', '#익선동빵집', '#익선동케이크', '#빅토리아케이크', '#티라미수']",https://www.instagram.com/vivian__log/,454,250
183,카페하이웨스트,날씨가 많이 쌀쌀해진 오늘도찾아 주셔서 감사합니다💛...#카페레이어드 #카페하이웨스트 #cafelayered ##cafehighwaist #연남동카페 #익선동카페,2020-10-15,51,,"['#카페레이어드', '#카페하이웨스트', '#cafelayered', '#cafehighwaist', '#연남동카페', '#익선동카페']",https://www.instagram.com/cafe_highwaist/,3397,3
184,카페하이웨스트,I personally love this cafe's interior👀🍰☕💕...#빈티지무드 #빈티지 #빈티지카페 #예쁜인테리어 #서울카페 #익선동맛집 #익선동카페 #카페인테리어 #익선동핫플 #vintagemood #감성스타그램 #cafehighwaist #빈티지그릇 #귀엽다그램 #소품스타그램 #주방스타그램 #케이크스타그램 #귀여운카페 #coffeetime #coffeelover #cafe #kawaiilife #aestheticedits #푸드스타그램 #카페하이웨스트 #좋반 #🍰 #aestheticstyle #좋아요반사 #좋아요반사❤,2020-10-15,68,익선동,"['#빈티지무드', '#빈티지', '#빈티지카페', '#예쁜인테리어', '#서울카페', '#익선동맛집', '#익선동카페', '#카페인테리어', '#익선동핫플', '#vintagemood', '#감성스타그램', '#cafehighwaist', '#빈티지그릇', '#귀엽다그램', '#소품스타그램', '#주방스타그램', '#케이크스타그램', '#귀여운카페', '#coffeetime', '#coffeelover', '#cafe', '#kawaiilife', '#aestheticedits', '#푸드스타그램', '#카페하이웨스트', '#좋반', '#🍰', '#aestheticstyle', '#좋아요반사', '#좋아요반사❤']",https://www.instagram.com/candice_luv/,2431,35
185,카페하이웨스트,⠀커피가 너무 필요했던 목요일하루만 더 힘내보아요〰️,2020-10-15,45,하이웨스트익선,[],https://www.instagram.com/philo_officialll/,31,0
186,카페하이웨스트,🤍💛어제의 이쁨:)이뿌다고 말하기도 입아프다 이제.@cafe_highwaist -#연남동카페#카페하이웨스트,2020-10-15,89,,"['#연남동카페', '#카페하이웨스트']",https://www.instagram.com/mojopindrawing/,3134,411
187,카페하이웨스트,💚세상에나 텅 빈 하이웨스트라니!넘나 비현실적인 오후였어:)자리 옮겨가며 내사진만 백만장✌🏻-#마침뽀글이파마도했고🤓#연남동카페#카페하이웨스트,2020-10-15,111,,"['#마침뽀글이파마도했고🤓', '#연남동카페', '#카페하이웨스트']",https://www.instagram.com/mojopindrawing/,3134,411
188,카페하이웨스트,연남동 🤎하이웨스트🤎영국 빈티지 느낌을 유행시킨 레이어드의 조상같은 카페 🤎연남동에서 카페웨이팅이 제일 먼저 생기지 않았을까 하는 카페 🤎레이어드가 생기기 전엔 항상 웨이팅이 있었음 🤎찍어놓은 사진은 많은데 귀찮아서 요즘걸로 데려옴 🤎대표메뉴는 바질토스트 케이크는 무적권 빅토리아케이크(개취)🤎인테리어는 컨셉에 아주 확실하게 작은 규모의 매장에 영국을 옮겨옴 🤎레이어드 카페의 원조 레이어드의 복작한 느낌이 싫다면 여기가 최선 🤎케이크 비싸지만 맛있고 커피 괜찮음 🤎작지만 야외좌석도 있음 🤎한번쯤은 가보길 추천합니다🤎🤎🤎🤎,2020-10-11,13,Cafe Highwaist,[],https://www.instagram.com/yeonnamcoffeejaengee/,51,0
189,카페하이웨스트,익선동巡り✨.....#카페하이웨스트#하이웨스트익선#익선동맛집#익선동카페#익선동핫플 #카페스타그램#카페투어#스콘맛집 カフェ巡り#韓国好きな人と繋がりたい#韓国カフェ#韓国ファッション#おしゃれさんと繋がりたい#ソウルカフェ#カフェインテリア,2020-10-15,289,하이웨스트익선,"['#카페하이웨스트', '#하이웨스트익선', '#익선동맛집', '#익선동카페', '#익선동핫플', '#카페스타그램', '#카페투어', '#스콘맛집', '#韓国好きな人と繋がりたい', '#韓国カフェ', '#韓国ファッション', '#おしゃれさんと繋がりたい', '#ソウルカフェ', '#カフェインテリア']",https://www.instagram.com/luvpretzell/,2342,487
190,카페하이웨스트,"#익선동카페 #카페하이웨스트 #빵순이모여라익선동에서 가장 애정하는 카페를 포스팅 해보려고 해용✨저는 완전 빵순이인데 여기는 케익, 스콘,각종 빵들이 있어서 바로 반했답니다 ㅎㅎ여기 방문할거면 날씨 화창한 날, 평일 오후에 추천드립니당~ 사람이 바글거리는 핫플이라 주말에 오면 힘들 수 있어요 🤣빵들도 다 맛있고 자연광에서 사진 찍기 참 좋은 곳👏🏻사랑하지 아니하지 아니할 수 없다...💘카페하이웨스트: ⭐️⭐️⭐️⭐️⭐️(맛을 떠나서 분위기가 넘 좋음)... #빵순이#먹방스타그램 #익선동맛집#익선동맛집추천#카페하이웨스트#먹스타맞팔#먹스타소통#먹스타그램#좋아요#좋반#팔로우#food#daily#likeforlikes#likeforfollow#첫줄반사#좋아요반사#연남동카페#선팔하면맞팔#스냅사진#followme#instagram#케익#케익스타그램#맛점#빵스타그램#빵#맛집추천",2020-10-15,339,하이웨스트익선,"['#익선동카페', '#카페하이웨스트', '#빵순이모여라익선동에서', '#빵순이', '#먹방스타그램', '#익선동맛집', '#익선동맛집추천', '#카페하이웨스트', '#먹스타맞팔', '#먹스타소통', '#먹스타그램', '#좋아요', '#좋반', '#팔로우', '#food', '#daily', '#likeforlikes', '#likeforfollow', '#첫줄반사', '#좋아요반사', '#연남동카페', '#선팔하면맞팔', '#스냅사진', '#followme', '#instagram', '#케익', '#케익스타그램', '#맛점', '#빵스타그램', '#빵', '#맛집추천']",https://www.instagram.com/food._.jini/,1290,754
191,카페하이웨스트,원래라면 오늘 모스크바에서 샤슬릭 먹고 있었을텐데🙄,2020-10-15,272,익선동,[],https://www.instagram.com/har2b5/,1363,828
192,카페하이웨스트,"Fun afternoon date with a lovely friend🤗 I had a great time! Thank U💜🌿☕️🗝🧸🍂🌸힐링,행복한 타임! ..#date#coffee#vintagelove#빈티지소품#빈티지조명#빈티지그릇#빈티지인테리어#데이트#커피#카피#카페하이웨스트#웬디앤브레드#와인#강아지#연남동카페#연남동#연남동핫플#카페#빈티지샵#scone#vintagestyle#riverway#리버웨이",2020-10-14,30,연남동,"['#date', '#coffee', '#vintagelove', '#빈티지소품', '#빈티지조명', '#빈티지그릇', '#빈티지인테리어', '#데이트', '#커피', '#카피', '#카페하이웨스트', '#웬디앤브레드', '#와인', '#강아지', '#연남동카페', '#연남동', '#연남동핫플', '#카페', '#빈티지샵', '#scone', '#vintagestyle', '#riverway', '#리버웨이']",https://www.instagram.com/riverway_cafe/,820,175
193,카페하이웨스트,C O F F E E ☕️ korea@cafe_highwaist,2020-10-14,22,하이웨스트익선,[],https://www.instagram.com/creeeammm_/,11,4
194,카페하이웨스트,#하이웨스트오픈작업 끝내고 경의선숲길을 따라 쭈욱 걷다 연남동까지 왔다. 🍂 걷기좋은 날씨와 춥기전에 즐기자 #야외테라스ㆍㆍㆍㆍㆍ#카페하이웨스트#하이웨스트연남#연남동#베이커리카페#디저트카페#빅토리아케익#시그니쳐커피#프렌치라떼#카페인테리어#경의선숲길#cafe#daily#기록남기기,2020-10-14,27,Cafe Highwaist,"['#하이웨스트오픈작업', '#야외테라스ㆍㆍㆍㆍㆍ', '#카페하이웨스트', '#하이웨스트연남', '#연남동', '#베이커리카페', '#디저트카페', '#빅토리아케익', '#시그니쳐커피', '#프렌치라떼', '#카페인테리어', '#경의선숲길', '#cafe', '#daily', '#기록남기기']",https://www.instagram.com/yunjjang_jjj/,276,249
195,카페하이웨스트,여전히 좋아하는 곳..,2020-10-14,39,Cafe Highwaist,[],https://www.instagram.com/jojahyun/,2169,0
196,카페하이웨스트,A happy time because I think I have a good friend. See ya @riverway_cafe💕,2020-10-14,34,Cafe Highwaist,[],https://www.instagram.com/jojahyun/,2169,0
197,카페하이웨스트,#주말 #카페 #홍대 #연남동카페 #카페하이웨스트 시그니처라떼 마시러 또 가야지 :),2020-10-14,48,Cafe Highwaist,"['#주말', '#카페', '#홍대', '#연남동카페', '#카페하이웨스트']",https://www.instagram.com/hheul_n/,236,196
198,카페하이웨스트,익선동 나들이 ✨,2020-10-14,221,하이웨스트익선,[],https://www.instagram.com/_lilyne/,10000,333
199,카페하이웨스트,평일오프는 항상 좋다#익선동 #돈부리파스타 #카페하이웨스트,2020-10-14,34,익선동,"['#익선동', '#돈부리파스타', '#카페하이웨스트']",https://www.instagram.com/juuuu_jjil/,212,268
